-- phpMyAdmin SQL Dump
-- version 5.2.1
-- https://www.phpmyadmin.net/
--
-- Host: 127.0.0.1
-- Generation Time: Oct 02, 2024 at 12:39 AM
-- Server version: 10.4.32-MariaDB
-- PHP Version: 8.2.12

SET SQL_MODE = "NO_AUTO_VALUE_ON_ZERO";
START TRANSACTION;
SET time_zone = "+00:00";


/*!40101 SET @OLD_CHARACTER_SET_CLIENT=@@CHARACTER_SET_CLIENT */;
/*!40101 SET @OLD_CHARACTER_SET_RESULTS=@@CHARACTER_SET_RESULTS */;
/*!40101 SET @OLD_COLLATION_CONNECTION=@@COLLATION_CONNECTION */;
/*!40101 SET NAMES utf8mb4 */;

--
-- Database: `bookingdb`
--

-- --------------------------------------------------------

--
-- Table structure for table `admin`
--

CREATE TABLE `admin` (
  `id` bigint(20) UNSIGNED NOT NULL,
  `username` varchar(255) NOT NULL,
  `password` varchar(255) NOT NULL,
  `created_at` timestamp NULL DEFAULT NULL,
  `updated_at` timestamp NULL DEFAULT NULL
) ENGINE=InnoDB DEFAULT CHARSET=utf8mb4 COLLATE=utf8mb4_unicode_ci;

--
-- Dumping data for table `admin`
--

INSERT INTO `admin` (`id`, `username`, `password`, `created_at`, `updated_at`) VALUES
(1, 'Admin1', '$2y$12$ywNYYuCOrIRPLHdPN9P2OuIzrWYsPijfahHz2szK/Qrp1oB8ouJ/a', NULL, NULL);

-- --------------------------------------------------------

--
-- Table structure for table `attendance`
--

CREATE TABLE `attendance` (
  `id` bigint(20) UNSIGNED NOT NULL,
  `emp_id` varchar(255) NOT NULL,
  `date` date NOT NULL,
  `attendance_status` tinyint(4) NOT NULL,
  `seat_no` varchar(255) DEFAULT NULL,
  `created_at` timestamp NULL DEFAULT NULL,
  `updated_at` timestamp NULL DEFAULT NULL
) ENGINE=InnoDB DEFAULT CHARSET=utf8mb4 COLLATE=utf8mb4_unicode_ci;

--
-- Dumping data for table `attendance`
--

INSERT INTO `attendance` (`id`, `emp_id`, `date`, `attendance_status`, `seat_no`, `created_at`, `updated_at`) VALUES
(1, 'slt/2024/002', '2024-10-01', 1, '1', '2024-10-01 03:44:45', '2024-10-01 22:19:27'),
(2, 'slt/2024/001', '2024-10-01', 1, '2', '2024-10-01 03:44:45', '2024-10-01 22:19:27'),
(3, 'slt/2024/002', '2024-09-30', 0, '7', '2024-10-01 03:46:10', '2024-10-01 03:50:50'),
(4, 'slt/2024/001', '2024-09-30', 1, '1', '2024-10-01 03:46:10', '2024-10-01 03:50:50');

-- --------------------------------------------------------

--
-- Table structure for table `booking_details`
--

CREATE TABLE `booking_details` (
  `id` bigint(20) UNSIGNED NOT NULL,
  `emp_id` varchar(50) NOT NULL,
  `date` date NOT NULL,
  `seat_no` int(11) NOT NULL,
  `employee_name` varchar(100) NOT NULL,
  `phone_number` varchar(15) NOT NULL,
  `email` varchar(100) NOT NULL,
  `created_at` timestamp NULL DEFAULT NULL,
  `updated_at` timestamp NULL DEFAULT NULL
) ENGINE=InnoDB DEFAULT CHARSET=utf8mb4 COLLATE=utf8mb4_unicode_ci;

--
-- Dumping data for table `booking_details`
--

INSERT INTO `booking_details` (`id`, `emp_id`, `date`, `seat_no`, `employee_name`, `phone_number`, `email`, `created_at`, `updated_at`) VALUES
(1, 'slt/2024/002', '2024-09-30', 7, 'Yashini Nimendya', '0712345678', 'nimendyayashini@gmail.com', '2024-09-26 21:41:49', '2024-09-26 21:41:49'),
(4, 'slt/2024/001', '2024-09-30', 1, 'Udari Sandalika', '0701094099', 'udarihatharasinghe@gmail.com', '2024-09-26 22:30:30', '2024-09-26 22:30:30'),
(5, 'slt/2024/002', '2024-10-01', 1, 'Yashini Nimendya', '0712345678', 'nimendyayashini@gmail.com', '2024-09-26 22:32:59', '2024-09-26 22:32:59'),
(6, 'slt/2024/001', '2024-10-01', 2, 'Udari Sandalika', '0701094099', 'udarihatharasinghe@gmail.com', '2024-09-26 22:38:45', '2024-09-26 22:38:45'),
(8, 'slt/2024/001', '2024-10-02', 1, 'Udari Sandalika', '0701094099', 'udarihatharasinghe@gmail.com', '2024-10-01 00:12:26', '2024-10-01 00:12:26'),
(9, 'slt/2024/002', '2024-10-02', 2, 'Yashini Nimendya', '0712345678', 'nimendyayashini@gmail.com', '2024-09-30 02:48:20', '2024-09-30 02:48:20'),
(10, 'slt/2024/003', '2024-10-02', 5, 'Dilini', '0712345678', 'dilini@gmail.com', '2024-10-01 08:30:06', '2024-10-01 08:30:06'),
(11, 'slt/2024/004', '2024-10-02', 8, 'Sashini', '0712345678', 'sashini@gmail.com', '2024-10-01 09:00:06', '2024-10-01 09:00:06'),
(13, 'slt/2024/002', '2024-10-03', 1, 'Yashini Nimendya', '0712345678', 'nimendyayashini@gmail.com', '2024-09-30 20:53:54', '2024-09-30 20:53:54'),
(14, 'slt/2024/003', '2024-10-03', 3, 'Dilini', '0712345678', 'dilini@gmail.com', '2024-09-29 20:53:54', '2024-09-29 20:53:54'),
(15, 'slt/2024/004', '2024-10-03', 4, 'Sashini', '0712345678', 'sashini@gmail.com', '2024-09-30 20:56:18', '2024-09-30 20:56:18');

-- --------------------------------------------------------

--
-- Table structure for table `date_seats`
--

CREATE TABLE `date_seats` (
  `id` bigint(20) UNSIGNED NOT NULL,
  `date` date NOT NULL,
  `seat_no` int(11) NOT NULL,
  `is_booked` tinyint(1) NOT NULL DEFAULT 0,
  `created_at` timestamp NULL DEFAULT NULL,
  `updated_at` timestamp NULL DEFAULT NULL
) ENGINE=InnoDB DEFAULT CHARSET=utf8mb4 COLLATE=utf8mb4_unicode_ci;

--
-- Dumping data for table `date_seats`
--

INSERT INTO `date_seats` (`id`, `date`, `seat_no`, `is_booked`, `created_at`, `updated_at`) VALUES
(1, '2024-09-27', 1, 0, '2024-09-26 04:53:38', '2024-09-26 09:04:25'),
(2, '2024-09-27', 2, 0, '2024-09-26 04:53:38', '2024-09-26 04:53:38'),
(3, '2024-09-27', 3, 0, '2024-09-26 04:53:38', '2024-09-26 04:53:38'),
(4, '2024-09-27', 4, 0, '2024-09-26 04:53:38', '2024-09-26 04:53:38'),
(5, '2024-09-27', 5, 0, '2024-09-26 04:53:38', '2024-09-26 09:52:41'),
(6, '2024-09-27', 6, 0, '2024-09-26 04:53:38', '2024-09-26 12:34:53'),
(7, '2024-09-27', 7, 0, '2024-09-26 04:53:38', '2024-09-26 04:53:38'),
(8, '2024-09-27', 8, 0, '2024-09-26 04:53:38', '2024-09-26 04:53:38'),
(9, '2024-09-27', 9, 0, '2024-09-26 04:53:38', '2024-09-26 04:53:38'),
(10, '2024-09-27', 10, 0, '2024-09-26 04:53:38', '2024-09-26 04:53:38'),
(11, '2024-09-27', 11, 0, '2024-09-26 04:53:38', '2024-09-26 04:53:38'),
(12, '2024-09-27', 12, 0, '2024-09-26 04:53:38', '2024-09-26 04:53:38'),
(13, '2024-09-27', 13, 0, '2024-09-26 04:53:38', '2024-09-26 04:53:38'),
(14, '2024-09-27', 14, 0, '2024-09-26 04:53:38', '2024-09-26 13:57:29'),
(15, '2024-09-27', 15, 0, '2024-09-26 04:53:38', '2024-09-26 04:53:38'),
(16, '2024-09-27', 16, 0, '2024-09-26 04:53:38', '2024-09-26 04:53:38'),
(17, '2024-09-27', 17, 0, '2024-09-26 04:53:38', '2024-09-26 04:53:38'),
(18, '2024-09-27', 18, 0, '2024-09-26 04:53:38', '2024-09-26 04:53:38'),
(19, '2024-09-27', 19, 0, '2024-09-26 04:53:38', '2024-09-26 04:53:38'),
(20, '2024-09-27', 20, 0, '2024-09-26 04:53:38', '2024-09-26 04:53:38'),
(21, '2024-09-27', 21, 0, '2024-09-26 04:53:38', '2024-09-26 04:53:38'),
(22, '2024-09-27', 22, 0, '2024-09-26 04:53:38', '2024-09-26 04:53:38'),
(23, '2024-09-27', 23, 0, '2024-09-26 04:53:38', '2024-09-26 04:53:38'),
(24, '2024-09-27', 24, 0, '2024-09-26 04:53:38', '2024-09-26 04:53:38'),
(25, '2024-09-27', 25, 0, '2024-09-26 04:53:38', '2024-09-26 04:53:38'),
(26, '2024-09-27', 26, 0, '2024-09-26 04:53:38', '2024-09-26 04:53:38'),
(27, '2024-09-27', 27, 0, '2024-09-26 04:53:38', '2024-09-26 04:53:38'),
(28, '2024-09-27', 28, 0, '2024-09-26 04:53:38', '2024-09-26 04:53:38'),
(29, '2024-09-27', 29, 0, '2024-09-26 04:53:38', '2024-09-26 04:53:38'),
(30, '2024-09-27', 30, 0, '2024-09-26 04:53:38', '2024-09-26 04:53:38'),
(31, '2024-09-27', 31, 0, '2024-09-26 04:53:38', '2024-09-26 04:53:38'),
(32, '2024-09-27', 32, 0, '2024-09-26 04:53:38', '2024-09-26 04:53:38'),
(33, '2024-09-27', 33, 0, '2024-09-26 04:53:38', '2024-09-26 04:53:38'),
(34, '2024-09-27', 34, 0, '2024-09-26 04:53:38', '2024-09-26 04:53:38'),
(35, '2024-09-27', 35, 0, '2024-09-26 04:53:38', '2024-09-26 04:53:38'),
(36, '2024-09-27', 36, 0, '2024-09-26 04:53:38', '2024-09-26 04:53:38'),
(37, '2024-09-27', 37, 0, '2024-09-26 04:53:38', '2024-09-26 04:53:38'),
(38, '2024-09-27', 38, 0, '2024-09-26 04:53:38', '2024-09-26 04:53:38'),
(39, '2024-09-27', 39, 0, '2024-09-26 04:53:38', '2024-09-26 04:53:38'),
(40, '2024-09-27', 40, 0, '2024-09-26 04:53:38', '2024-09-26 04:53:38'),
(41, '2024-09-27', 41, 0, '2024-09-26 04:53:38', '2024-09-26 04:53:38'),
(42, '2024-09-27', 42, 0, '2024-09-26 04:53:38', '2024-09-26 04:53:38'),
(43, '2024-09-27', 43, 0, '2024-09-26 04:53:38', '2024-09-26 04:53:38'),
(44, '2024-09-27', 44, 0, '2024-09-26 04:53:38', '2024-09-26 04:53:38'),
(45, '2024-09-27', 45, 0, '2024-09-26 04:53:38', '2024-09-26 04:53:38'),
(46, '2024-09-27', 46, 0, '2024-09-26 04:53:38', '2024-09-26 04:53:38'),
(47, '2024-09-27', 47, 0, '2024-09-26 04:53:38', '2024-09-26 04:53:38'),
(48, '2024-09-27', 48, 0, '2024-09-26 04:53:38', '2024-09-26 04:53:38'),
(49, '2024-09-27', 49, 0, '2024-09-26 04:53:38', '2024-09-26 04:53:38'),
(50, '2024-09-27', 50, 0, '2024-09-26 04:53:38', '2024-09-26 04:53:38'),
(51, '2024-09-27', 51, 0, '2024-09-26 04:53:38', '2024-09-26 04:53:38'),
(52, '2024-09-27', 52, 0, '2024-09-26 04:53:38', '2024-09-26 04:53:38'),
(53, '2024-09-27', 53, 0, '2024-09-26 04:53:38', '2024-09-26 04:53:38'),
(54, '2024-09-27', 54, 0, '2024-09-26 04:53:38', '2024-09-26 04:53:38'),
(55, '2024-09-27', 55, 0, '2024-09-26 04:53:38', '2024-09-26 04:53:38'),
(56, '2024-09-27', 56, 0, '2024-09-26 04:53:38', '2024-09-26 04:53:38'),
(57, '2024-09-27', 57, 0, '2024-09-26 04:53:38', '2024-09-26 04:53:38'),
(58, '2024-09-27', 58, 0, '2024-09-26 04:53:38', '2024-09-26 04:53:38'),
(59, '2024-09-27', 59, 0, '2024-09-26 04:53:38', '2024-09-26 04:53:38'),
(60, '2024-09-27', 60, 0, '2024-09-26 04:53:38', '2024-09-26 04:53:38'),
(61, '2024-09-27', 61, 0, '2024-09-26 04:53:38', '2024-09-26 04:53:38'),
(62, '2024-09-27', 62, 0, '2024-09-26 04:53:38', '2024-09-26 04:53:38'),
(63, '2024-09-27', 63, 0, '2024-09-26 04:53:38', '2024-09-26 04:53:38'),
(64, '2024-09-27', 64, 0, '2024-09-26 04:53:38', '2024-09-26 04:53:38'),
(65, '2024-09-27', 65, 0, '2024-09-26 04:53:38', '2024-09-26 04:53:38'),
(66, '2024-09-27', 66, 0, '2024-09-26 04:53:38', '2024-09-26 04:53:38'),
(67, '2024-09-27', 67, 0, '2024-09-26 04:53:38', '2024-09-26 04:53:38'),
(68, '2024-09-27', 68, 0, '2024-09-26 04:53:38', '2024-09-26 04:53:38'),
(69, '2024-09-27', 69, 0, '2024-09-26 04:53:38', '2024-09-26 04:53:38'),
(70, '2024-09-27', 70, 0, '2024-09-26 04:53:38', '2024-09-26 04:53:38'),
(71, '2024-09-27', 71, 0, '2024-09-26 04:53:38', '2024-09-26 04:53:38'),
(72, '2024-09-27', 72, 0, '2024-09-26 04:53:38', '2024-09-26 04:53:38'),
(73, '2024-09-27', 73, 0, '2024-09-26 04:53:38', '2024-09-26 04:53:38'),
(74, '2024-09-27', 74, 0, '2024-09-26 04:53:38', '2024-09-26 04:53:38'),
(75, '2024-09-27', 75, 0, '2024-09-26 04:53:38', '2024-09-26 04:53:38'),
(76, '2024-09-27', 76, 0, '2024-09-26 04:53:38', '2024-09-26 04:53:38'),
(77, '2024-09-27', 77, 0, '2024-09-26 04:53:38', '2024-09-26 04:53:38'),
(78, '2024-09-27', 78, 0, '2024-09-26 04:53:38', '2024-09-26 04:53:38'),
(79, '2024-09-27', 79, 0, '2024-09-26 04:53:38', '2024-09-26 04:53:38'),
(80, '2024-09-27', 80, 0, '2024-09-26 04:53:38', '2024-09-26 04:53:38'),
(81, '2024-09-30', 1, 1, '2024-09-26 04:53:38', '2024-09-26 22:30:30'),
(82, '2024-09-30', 2, 0, '2024-09-26 04:53:38', '2024-09-26 22:38:28'),
(83, '2024-09-30', 3, 0, '2024-09-26 04:53:38', '2024-09-27 01:50:31'),
(84, '2024-09-30', 4, 0, '2024-09-26 04:53:38', '2024-09-26 15:21:16'),
(85, '2024-09-30', 5, 0, '2024-09-26 04:53:38', '2024-09-26 09:47:57'),
(86, '2024-09-30', 6, 0, '2024-09-26 04:53:38', '2024-09-26 09:46:16'),
(87, '2024-09-30', 7, 1, '2024-09-26 04:53:38', '2024-09-26 21:41:49'),
(88, '2024-09-30', 8, 0, '2024-09-26 04:53:38', '2024-09-26 04:53:38'),
(89, '2024-09-30', 9, 0, '2024-09-26 04:53:38', '2024-09-26 04:53:38'),
(90, '2024-09-30', 10, 0, '2024-09-26 04:53:38', '2024-09-26 04:53:38'),
(91, '2024-09-30', 11, 0, '2024-09-26 04:53:38', '2024-09-26 04:53:38'),
(92, '2024-09-30', 12, 0, '2024-09-26 04:53:38', '2024-09-26 04:53:38'),
(93, '2024-09-30', 13, 0, '2024-09-26 04:53:38', '2024-09-26 09:50:23'),
(94, '2024-09-30', 14, 0, '2024-09-26 04:53:38', '2024-09-26 20:59:04'),
(95, '2024-09-30', 15, 0, '2024-09-26 04:53:38', '2024-09-26 21:14:39'),
(96, '2024-09-30', 16, 0, '2024-09-26 04:53:38', '2024-09-26 04:53:38'),
(97, '2024-09-30', 17, 0, '2024-09-26 04:53:38', '2024-09-26 04:53:38'),
(98, '2024-09-30', 18, 0, '2024-09-26 04:53:38', '2024-09-26 04:53:38'),
(99, '2024-09-30', 19, 0, '2024-09-26 04:53:38', '2024-09-26 04:53:38'),
(100, '2024-09-30', 20, 0, '2024-09-26 04:53:38', '2024-09-26 04:53:38'),
(101, '2024-09-30', 21, 0, '2024-09-26 04:53:38', '2024-09-26 04:53:38'),
(102, '2024-09-30', 22, 0, '2024-09-26 04:53:38', '2024-09-26 04:53:38'),
(103, '2024-09-30', 23, 0, '2024-09-26 04:53:38', '2024-09-26 04:53:38'),
(104, '2024-09-30', 24, 0, '2024-09-26 04:53:38', '2024-09-26 15:42:03'),
(105, '2024-09-30', 25, 0, '2024-09-26 04:53:38', '2024-09-26 20:35:50'),
(106, '2024-09-30', 26, 0, '2024-09-26 04:53:38', '2024-09-26 04:53:38'),
(107, '2024-09-30', 27, 0, '2024-09-26 04:53:38', '2024-09-26 04:53:38'),
(108, '2024-09-30', 28, 0, '2024-09-26 04:53:38', '2024-09-26 04:53:38'),
(109, '2024-09-30', 29, 0, '2024-09-26 04:53:38', '2024-09-26 04:53:38'),
(110, '2024-09-30', 30, 0, '2024-09-26 04:53:38', '2024-09-26 04:53:38'),
(111, '2024-09-30', 31, 0, '2024-09-26 04:53:38', '2024-09-26 04:53:38'),
(112, '2024-09-30', 32, 0, '2024-09-26 04:53:38', '2024-09-26 04:53:38'),
(113, '2024-09-30', 33, 0, '2024-09-26 04:53:38', '2024-09-26 04:53:38'),
(114, '2024-09-30', 34, 0, '2024-09-26 04:53:38', '2024-09-26 04:53:38'),
(115, '2024-09-30', 35, 0, '2024-09-26 04:53:38', '2024-09-26 04:53:38'),
(116, '2024-09-30', 36, 0, '2024-09-26 04:53:38', '2024-09-26 04:53:38'),
(117, '2024-09-30', 37, 0, '2024-09-26 04:53:38', '2024-09-26 04:53:38'),
(118, '2024-09-30', 38, 0, '2024-09-26 04:53:38', '2024-09-26 04:53:38'),
(119, '2024-09-30', 39, 0, '2024-09-26 04:53:38', '2024-09-26 04:53:38'),
(120, '2024-09-30', 40, 0, '2024-09-26 04:53:38', '2024-09-26 04:53:38'),
(121, '2024-09-30', 41, 0, '2024-09-26 04:53:38', '2024-09-26 04:53:38'),
(122, '2024-09-30', 42, 0, '2024-09-26 04:53:38', '2024-09-26 04:53:38'),
(123, '2024-09-30', 43, 0, '2024-09-26 04:53:38', '2024-09-26 04:53:38'),
(124, '2024-09-30', 44, 0, '2024-09-26 04:53:38', '2024-09-26 04:53:38'),
(125, '2024-09-30', 45, 0, '2024-09-26 04:53:38', '2024-09-26 04:53:38'),
(126, '2024-09-30', 46, 0, '2024-09-26 04:53:38', '2024-09-26 04:53:38'),
(127, '2024-09-30', 47, 0, '2024-09-26 04:53:38', '2024-09-26 04:53:38'),
(128, '2024-09-30', 48, 0, '2024-09-26 04:53:38', '2024-09-26 04:53:38'),
(129, '2024-09-30', 49, 0, '2024-09-26 04:53:38', '2024-09-26 04:53:38'),
(130, '2024-09-30', 50, 0, '2024-09-26 04:53:38', '2024-09-26 04:53:38'),
(131, '2024-09-30', 51, 0, '2024-09-26 04:53:38', '2024-09-26 04:53:38'),
(132, '2024-09-30', 52, 0, '2024-09-26 04:53:38', '2024-09-26 04:53:38'),
(133, '2024-09-30', 53, 0, '2024-09-26 04:53:38', '2024-09-26 04:53:38'),
(134, '2024-09-30', 54, 0, '2024-09-26 04:53:38', '2024-09-26 04:53:38'),
(135, '2024-09-30', 55, 0, '2024-09-26 04:53:38', '2024-09-26 04:53:38'),
(136, '2024-09-30', 56, 0, '2024-09-26 04:53:38', '2024-09-26 04:53:38'),
(137, '2024-09-30', 57, 0, '2024-09-26 04:53:38', '2024-09-26 04:53:38'),
(138, '2024-09-30', 58, 0, '2024-09-26 04:53:38', '2024-09-26 04:53:38'),
(139, '2024-09-30', 59, 0, '2024-09-26 04:53:38', '2024-09-26 04:53:38'),
(140, '2024-09-30', 60, 0, '2024-09-26 04:53:38', '2024-09-26 04:53:38'),
(141, '2024-09-30', 61, 0, '2024-09-26 04:53:38', '2024-09-26 04:53:38'),
(142, '2024-09-30', 62, 0, '2024-09-26 04:53:38', '2024-09-26 04:53:38'),
(143, '2024-09-30', 63, 0, '2024-09-26 04:53:38', '2024-09-26 04:53:38'),
(144, '2024-09-30', 64, 0, '2024-09-26 04:53:38', '2024-09-26 04:53:38'),
(145, '2024-09-30', 65, 0, '2024-09-26 04:53:38', '2024-09-26 04:53:38'),
(146, '2024-09-30', 66, 0, '2024-09-26 04:53:38', '2024-09-26 04:53:38'),
(147, '2024-09-30', 67, 0, '2024-09-26 04:53:38', '2024-09-26 04:53:38'),
(148, '2024-09-30', 68, 0, '2024-09-26 04:53:38', '2024-09-26 04:53:38'),
(149, '2024-09-30', 69, 0, '2024-09-26 04:53:38', '2024-09-26 04:53:38'),
(150, '2024-09-30', 70, 0, '2024-09-26 04:53:38', '2024-09-26 04:53:38'),
(151, '2024-09-30', 71, 0, '2024-09-26 04:53:38', '2024-09-26 04:53:38'),
(152, '2024-09-30', 72, 0, '2024-09-26 04:53:38', '2024-09-26 04:53:38'),
(153, '2024-09-30', 73, 0, '2024-09-26 04:53:38', '2024-09-26 04:53:38'),
(154, '2024-09-30', 74, 0, '2024-09-26 04:53:38', '2024-09-26 04:53:38'),
(155, '2024-09-30', 75, 0, '2024-09-26 04:53:38', '2024-09-26 04:53:38'),
(156, '2024-09-30', 76, 0, '2024-09-26 04:53:38', '2024-09-26 04:53:38'),
(157, '2024-09-30', 77, 0, '2024-09-26 04:53:38', '2024-09-26 04:53:38'),
(158, '2024-09-30', 78, 0, '2024-09-26 04:53:38', '2024-09-26 04:53:38'),
(159, '2024-09-30', 79, 0, '2024-09-26 04:53:38', '2024-09-26 04:53:38'),
(160, '2024-09-30', 80, 0, '2024-09-26 04:53:38', '2024-09-26 04:53:38'),
(161, '2024-10-01', 1, 1, '2024-09-26 04:53:38', '2024-09-26 22:32:59'),
(162, '2024-10-01', 2, 1, '2024-09-26 04:53:38', '2024-09-26 22:38:45'),
(163, '2024-10-01', 3, 0, '2024-09-26 04:53:38', '2024-09-26 04:53:38'),
(164, '2024-10-01', 4, 0, '2024-09-26 04:53:38', '2024-09-26 08:48:39'),
(165, '2024-10-01', 5, 0, '2024-09-26 04:53:38', '2024-09-26 04:53:38'),
(166, '2024-10-01', 6, 0, '2024-09-26 04:53:38', '2024-09-26 04:53:38'),
(167, '2024-10-01', 7, 0, '2024-09-26 04:53:38', '2024-09-26 04:53:38'),
(168, '2024-10-01', 8, 0, '2024-09-26 04:53:38', '2024-09-26 04:53:38'),
(169, '2024-10-01', 9, 0, '2024-09-26 04:53:38', '2024-09-26 04:53:38'),
(170, '2024-10-01', 10, 0, '2024-09-26 04:53:38', '2024-09-26 04:53:38'),
(171, '2024-10-01', 11, 0, '2024-09-26 04:53:38', '2024-09-26 04:53:38'),
(172, '2024-10-01', 12, 0, '2024-09-26 04:53:38', '2024-09-26 04:53:38'),
(173, '2024-10-01', 13, 0, '2024-09-26 04:53:38', '2024-09-26 04:53:38'),
(174, '2024-10-01', 14, 0, '2024-09-26 04:53:38', '2024-09-26 04:53:38'),
(175, '2024-10-01', 15, 0, '2024-09-26 04:53:38', '2024-09-26 04:53:38'),
(176, '2024-10-01', 16, 0, '2024-09-26 04:53:38', '2024-09-26 04:53:38'),
(177, '2024-10-01', 17, 0, '2024-09-26 04:53:38', '2024-09-26 04:53:38'),
(178, '2024-10-01', 18, 0, '2024-09-26 04:53:38', '2024-09-26 04:53:38'),
(179, '2024-10-01', 19, 0, '2024-09-26 04:53:38', '2024-09-26 04:53:38'),
(180, '2024-10-01', 20, 0, '2024-09-26 04:53:38', '2024-09-26 04:53:38'),
(181, '2024-10-01', 21, 0, '2024-09-26 04:53:38', '2024-09-26 04:53:38'),
(182, '2024-10-01', 22, 0, '2024-09-26 04:53:38', '2024-09-26 04:53:38'),
(183, '2024-10-01', 23, 0, '2024-09-26 04:53:38', '2024-09-26 04:53:38'),
(184, '2024-10-01', 24, 0, '2024-09-26 04:53:38', '2024-09-26 04:53:38'),
(185, '2024-10-01', 25, 0, '2024-09-26 04:53:38', '2024-09-26 04:53:38'),
(186, '2024-10-01', 26, 0, '2024-09-26 04:53:38', '2024-09-26 04:53:38'),
(187, '2024-10-01', 27, 0, '2024-09-26 04:53:38', '2024-09-26 04:53:38'),
(188, '2024-10-01', 28, 0, '2024-09-26 04:53:38', '2024-09-26 04:53:38'),
(189, '2024-10-01', 29, 0, '2024-09-26 04:53:38', '2024-09-26 04:53:38'),
(190, '2024-10-01', 30, 0, '2024-09-26 04:53:38', '2024-09-26 04:53:38'),
(191, '2024-10-01', 31, 0, '2024-09-26 04:53:38', '2024-09-26 04:53:38'),
(192, '2024-10-01', 32, 0, '2024-09-26 04:53:38', '2024-09-26 04:53:38'),
(193, '2024-10-01', 33, 0, '2024-09-26 04:53:38', '2024-09-26 04:53:38'),
(194, '2024-10-01', 34, 0, '2024-09-26 04:53:38', '2024-09-26 04:53:38'),
(195, '2024-10-01', 35, 0, '2024-09-26 04:53:38', '2024-09-26 04:53:38'),
(196, '2024-10-01', 36, 0, '2024-09-26 04:53:38', '2024-09-26 04:53:38'),
(197, '2024-10-01', 37, 0, '2024-09-26 04:53:38', '2024-09-26 04:53:38'),
(198, '2024-10-01', 38, 0, '2024-09-26 04:53:38', '2024-09-26 04:53:38'),
(199, '2024-10-01', 39, 0, '2024-09-26 04:53:38', '2024-09-26 04:53:38'),
(200, '2024-10-01', 40, 0, '2024-09-26 04:53:38', '2024-09-26 04:53:38'),
(201, '2024-10-01', 41, 0, '2024-09-26 04:53:38', '2024-09-26 04:53:38'),
(202, '2024-10-01', 42, 0, '2024-09-26 04:53:38', '2024-09-26 04:53:38'),
(203, '2024-10-01', 43, 0, '2024-09-26 04:53:38', '2024-09-26 04:53:38'),
(204, '2024-10-01', 44, 0, '2024-09-26 04:53:38', '2024-09-26 04:53:38'),
(205, '2024-10-01', 45, 0, '2024-09-26 04:53:38', '2024-09-26 04:53:38'),
(206, '2024-10-01', 46, 0, '2024-09-26 04:53:38', '2024-09-26 04:53:38'),
(207, '2024-10-01', 47, 0, '2024-09-26 04:53:38', '2024-09-26 04:53:38'),
(208, '2024-10-01', 48, 0, '2024-09-26 04:53:38', '2024-09-26 04:53:38'),
(209, '2024-10-01', 49, 0, '2024-09-26 04:53:38', '2024-09-26 04:53:38'),
(210, '2024-10-01', 50, 0, '2024-09-26 04:53:38', '2024-09-26 04:53:38'),
(211, '2024-10-01', 51, 0, '2024-09-26 04:53:38', '2024-09-26 04:53:38'),
(212, '2024-10-01', 52, 0, '2024-09-26 04:53:38', '2024-09-26 04:53:38'),
(213, '2024-10-01', 53, 0, '2024-09-26 04:53:38', '2024-09-26 04:53:38'),
(214, '2024-10-01', 54, 0, '2024-09-26 04:53:38', '2024-09-26 04:53:38'),
(215, '2024-10-01', 55, 0, '2024-09-26 04:53:38', '2024-09-26 04:53:38'),
(216, '2024-10-01', 56, 0, '2024-09-26 04:53:38', '2024-09-26 04:53:38'),
(217, '2024-10-01', 57, 0, '2024-09-26 04:53:38', '2024-09-26 04:53:38'),
(218, '2024-10-01', 58, 0, '2024-09-26 04:53:38', '2024-09-26 04:53:38'),
(219, '2024-10-01', 59, 0, '2024-09-26 04:53:38', '2024-09-26 04:53:38'),
(220, '2024-10-01', 60, 0, '2024-09-26 04:53:38', '2024-09-26 04:53:38'),
(221, '2024-10-01', 61, 0, '2024-09-26 04:53:38', '2024-09-26 04:53:38'),
(222, '2024-10-01', 62, 0, '2024-09-26 04:53:38', '2024-09-26 04:53:38'),
(223, '2024-10-01', 63, 0, '2024-09-26 04:53:38', '2024-09-26 04:53:38'),
(224, '2024-10-01', 64, 0, '2024-09-26 04:53:38', '2024-09-26 04:53:38'),
(225, '2024-10-01', 65, 0, '2024-09-26 04:53:38', '2024-09-26 04:53:38'),
(226, '2024-10-01', 66, 0, '2024-09-26 04:53:38', '2024-09-26 04:53:38'),
(227, '2024-10-01', 67, 0, '2024-09-26 04:53:38', '2024-09-26 04:53:38'),
(228, '2024-10-01', 68, 0, '2024-09-26 04:53:38', '2024-09-26 04:53:38'),
(229, '2024-10-01', 69, 0, '2024-09-26 04:53:38', '2024-09-26 04:53:38'),
(230, '2024-10-01', 70, 0, '2024-09-26 04:53:38', '2024-09-26 04:53:38'),
(231, '2024-10-01', 71, 0, '2024-09-26 04:53:38', '2024-09-26 04:53:38'),
(232, '2024-10-01', 72, 0, '2024-09-26 04:53:38', '2024-09-26 04:53:38'),
(233, '2024-10-01', 73, 0, '2024-09-26 04:53:38', '2024-09-26 04:53:38'),
(234, '2024-10-01', 74, 0, '2024-09-26 04:53:38', '2024-09-26 04:53:38'),
(235, '2024-10-01', 75, 0, '2024-09-26 04:53:38', '2024-09-26 04:53:38'),
(236, '2024-10-01', 76, 0, '2024-09-26 04:53:38', '2024-09-26 04:53:38'),
(237, '2024-10-01', 77, 0, '2024-09-26 04:53:38', '2024-09-26 04:53:38'),
(238, '2024-10-01', 78, 0, '2024-09-26 04:53:38', '2024-09-26 04:53:38'),
(239, '2024-10-01', 79, 0, '2024-09-26 04:53:38', '2024-09-26 04:53:38'),
(240, '2024-10-01', 80, 0, '2024-09-26 04:53:38', '2024-09-26 04:53:38'),
(241, '2024-10-02', 1, 1, '2024-09-26 04:53:38', '2024-10-01 00:12:26'),
(242, '2024-10-02', 2, 1, '2024-09-26 04:53:38', '2024-09-26 04:53:38'),
(243, '2024-10-02', 3, 0, '2024-09-26 04:53:38', '2024-09-26 04:53:38'),
(244, '2024-10-02', 4, 0, '2024-09-26 04:53:38', '2024-09-26 04:53:38'),
(245, '2024-10-02', 5, 1, '2024-09-26 04:53:38', '2024-09-26 04:53:38'),
(246, '2024-10-02', 6, 0, '2024-09-26 04:53:38', '2024-09-26 04:53:38'),
(247, '2024-10-02', 7, 0, '2024-09-26 04:53:38', '2024-09-26 04:53:38'),
(248, '2024-10-02', 8, 1, '2024-09-26 04:53:38', '2024-09-26 04:53:38'),
(249, '2024-10-02', 9, 0, '2024-09-26 04:53:38', '2024-09-26 04:53:38'),
(250, '2024-10-02', 10, 0, '2024-09-26 04:53:38', '2024-09-26 04:53:38'),
(251, '2024-10-02', 11, 0, '2024-09-26 04:53:38', '2024-09-26 04:53:38'),
(252, '2024-10-02', 12, 0, '2024-09-26 04:53:38', '2024-09-26 04:53:38'),
(253, '2024-10-02', 13, 0, '2024-09-26 04:53:38', '2024-09-26 04:53:38'),
(254, '2024-10-02', 14, 0, '2024-09-26 04:53:38', '2024-09-26 04:53:38'),
(255, '2024-10-02', 15, 0, '2024-09-26 04:53:38', '2024-09-26 04:53:38'),
(256, '2024-10-02', 16, 0, '2024-09-26 04:53:38', '2024-09-26 04:53:38'),
(257, '2024-10-02', 17, 0, '2024-09-26 04:53:38', '2024-09-26 04:53:38'),
(258, '2024-10-02', 18, 0, '2024-09-26 04:53:38', '2024-09-26 04:53:38'),
(259, '2024-10-02', 19, 0, '2024-09-26 04:53:38', '2024-09-26 04:53:38'),
(260, '2024-10-02', 20, 0, '2024-09-26 04:53:38', '2024-09-26 04:53:38'),
(261, '2024-10-02', 21, 0, '2024-09-26 04:53:38', '2024-09-26 04:53:38'),
(262, '2024-10-02', 22, 0, '2024-09-26 04:53:38', '2024-09-26 04:53:38'),
(263, '2024-10-02', 23, 0, '2024-09-26 04:53:38', '2024-09-26 04:53:38'),
(264, '2024-10-02', 24, 0, '2024-09-26 04:53:38', '2024-09-26 04:53:38'),
(265, '2024-10-02', 25, 0, '2024-09-26 04:53:38', '2024-09-26 04:53:38'),
(266, '2024-10-02', 26, 0, '2024-09-26 04:53:38', '2024-09-26 04:53:38'),
(267, '2024-10-02', 27, 0, '2024-09-26 04:53:38', '2024-09-26 04:53:38'),
(268, '2024-10-02', 28, 0, '2024-09-26 04:53:38', '2024-09-26 04:53:38'),
(269, '2024-10-02', 29, 0, '2024-09-26 04:53:38', '2024-09-26 04:53:38'),
(270, '2024-10-02', 30, 0, '2024-09-26 04:53:38', '2024-09-26 04:53:38'),
(271, '2024-10-02', 31, 0, '2024-09-26 04:53:38', '2024-09-26 04:53:38'),
(272, '2024-10-02', 32, 0, '2024-09-26 04:53:38', '2024-09-26 04:53:38'),
(273, '2024-10-02', 33, 0, '2024-09-26 04:53:38', '2024-09-26 04:53:38'),
(274, '2024-10-02', 34, 0, '2024-09-26 04:53:38', '2024-09-26 04:53:38'),
(275, '2024-10-02', 35, 0, '2024-09-26 04:53:38', '2024-09-26 04:53:38'),
(276, '2024-10-02', 36, 0, '2024-09-26 04:53:38', '2024-09-26 04:53:38'),
(277, '2024-10-02', 37, 0, '2024-09-26 04:53:38', '2024-09-26 04:53:38'),
(278, '2024-10-02', 38, 0, '2024-09-26 04:53:38', '2024-09-26 04:53:38'),
(279, '2024-10-02', 39, 0, '2024-09-26 04:53:38', '2024-09-26 04:53:38'),
(280, '2024-10-02', 40, 0, '2024-09-26 04:53:38', '2024-09-26 04:53:38'),
(281, '2024-10-02', 41, 0, '2024-09-26 04:53:38', '2024-09-26 04:53:38'),
(282, '2024-10-02', 42, 0, '2024-09-26 04:53:38', '2024-09-26 04:53:38'),
(283, '2024-10-02', 43, 0, '2024-09-26 04:53:38', '2024-09-26 04:53:38'),
(284, '2024-10-02', 44, 0, '2024-09-26 04:53:38', '2024-09-26 04:53:38'),
(285, '2024-10-02', 45, 0, '2024-09-26 04:53:38', '2024-09-26 04:53:38'),
(286, '2024-10-02', 46, 0, '2024-09-26 04:53:38', '2024-09-26 04:53:38'),
(287, '2024-10-02', 47, 0, '2024-09-26 04:53:38', '2024-09-26 04:53:38'),
(288, '2024-10-02', 48, 0, '2024-09-26 04:53:38', '2024-09-26 04:53:38'),
(289, '2024-10-02', 49, 0, '2024-09-26 04:53:38', '2024-09-26 04:53:38'),
(290, '2024-10-02', 50, 0, '2024-09-26 04:53:38', '2024-09-26 04:53:38'),
(291, '2024-10-02', 51, 0, '2024-09-26 04:53:38', '2024-09-26 04:53:38'),
(292, '2024-10-02', 52, 0, '2024-09-26 04:53:38', '2024-09-26 04:53:38'),
(293, '2024-10-02', 53, 0, '2024-09-26 04:53:38', '2024-09-26 04:53:38'),
(294, '2024-10-02', 54, 0, '2024-09-26 04:53:38', '2024-09-26 04:53:38'),
(295, '2024-10-02', 55, 0, '2024-09-26 04:53:38', '2024-09-26 04:53:38'),
(296, '2024-10-02', 56, 0, '2024-09-26 04:53:38', '2024-09-26 04:53:38'),
(297, '2024-10-02', 57, 0, '2024-09-26 04:53:38', '2024-09-26 04:53:38'),
(298, '2024-10-02', 58, 0, '2024-09-26 04:53:38', '2024-09-26 04:53:38'),
(299, '2024-10-02', 59, 0, '2024-09-26 04:53:38', '2024-09-26 04:53:38'),
(300, '2024-10-02', 60, 0, '2024-09-26 04:53:38', '2024-09-26 04:53:38'),
(301, '2024-10-02', 61, 0, '2024-09-26 04:53:38', '2024-09-26 04:53:38'),
(302, '2024-10-02', 62, 0, '2024-09-26 04:53:38', '2024-09-26 04:53:38'),
(303, '2024-10-02', 63, 0, '2024-09-26 04:53:39', '2024-09-26 04:53:39'),
(304, '2024-10-02', 64, 0, '2024-09-26 04:53:39', '2024-09-26 04:53:39'),
(305, '2024-10-02', 65, 0, '2024-09-26 04:53:39', '2024-09-26 04:53:39'),
(306, '2024-10-02', 66, 0, '2024-09-26 04:53:39', '2024-09-26 04:53:39'),
(307, '2024-10-02', 67, 0, '2024-09-26 04:53:39', '2024-09-26 04:53:39'),
(308, '2024-10-02', 68, 0, '2024-09-26 04:53:39', '2024-09-26 04:53:39'),
(309, '2024-10-02', 69, 0, '2024-09-26 04:53:39', '2024-09-26 04:53:39'),
(310, '2024-10-02', 70, 0, '2024-09-26 04:53:39', '2024-09-26 04:53:39'),
(311, '2024-10-02', 71, 0, '2024-09-26 04:53:39', '2024-09-26 04:53:39'),
(312, '2024-10-02', 72, 0, '2024-09-26 04:53:39', '2024-09-26 04:53:39'),
(313, '2024-10-02', 73, 0, '2024-09-26 04:53:39', '2024-09-26 04:53:39'),
(314, '2024-10-02', 74, 0, '2024-09-26 04:53:39', '2024-09-26 04:53:39'),
(315, '2024-10-02', 75, 0, '2024-09-26 04:53:39', '2024-09-26 04:53:39'),
(316, '2024-10-02', 76, 0, '2024-09-26 04:53:39', '2024-09-26 04:53:39'),
(317, '2024-10-02', 77, 0, '2024-09-26 04:53:39', '2024-09-26 04:53:39'),
(318, '2024-10-02', 78, 0, '2024-09-26 04:53:39', '2024-09-26 04:53:39'),
(319, '2024-10-02', 79, 0, '2024-09-26 04:53:39', '2024-09-26 04:53:39'),
(320, '2024-10-02', 80, 0, '2024-09-26 04:53:39', '2024-09-26 04:53:39'),
(321, '2024-10-03', 1, 1, '2024-09-26 04:53:39', '2024-09-26 04:53:39'),
(322, '2024-10-03', 2, 0, '2024-09-26 04:53:39', '2024-10-01 22:28:28'),
(323, '2024-10-03', 3, 1, '2024-09-26 04:53:39', '2024-09-26 04:53:39'),
(324, '2024-10-03', 4, 1, '2024-09-26 04:53:39', '2024-09-26 04:53:39'),
(325, '2024-10-03', 5, 0, '2024-09-26 04:53:39', '2024-10-01 22:22:54'),
(326, '2024-10-03', 6, 0, '2024-09-26 04:53:39', '2024-09-26 04:53:39'),
(327, '2024-10-03', 7, 0, '2024-09-26 04:53:39', '2024-09-26 04:53:39'),
(328, '2024-10-03', 8, 0, '2024-09-26 04:53:39', '2024-09-26 04:53:39'),
(329, '2024-10-03', 9, 0, '2024-09-26 04:53:39', '2024-09-26 04:53:39'),
(330, '2024-10-03', 10, 0, '2024-09-26 04:53:39', '2024-09-26 04:53:39'),
(331, '2024-10-03', 11, 0, '2024-09-26 04:53:39', '2024-09-26 04:53:39'),
(332, '2024-10-03', 12, 0, '2024-09-26 04:53:39', '2024-09-26 04:53:39'),
(333, '2024-10-03', 13, 0, '2024-09-26 04:53:39', '2024-09-26 04:53:39'),
(334, '2024-10-03', 14, 0, '2024-09-26 04:53:39', '2024-09-26 04:53:39'),
(335, '2024-10-03', 15, 0, '2024-09-26 04:53:39', '2024-09-26 04:53:39'),
(336, '2024-10-03', 16, 0, '2024-09-26 04:53:39', '2024-09-26 04:53:39'),
(337, '2024-10-03', 17, 0, '2024-09-26 04:53:39', '2024-09-26 04:53:39'),
(338, '2024-10-03', 18, 0, '2024-09-26 04:53:39', '2024-09-26 04:53:39'),
(339, '2024-10-03', 19, 0, '2024-09-26 04:53:39', '2024-09-26 04:53:39'),
(340, '2024-10-03', 20, 0, '2024-09-26 04:53:39', '2024-09-26 04:53:39'),
(341, '2024-10-03', 21, 0, '2024-09-26 04:53:39', '2024-09-26 04:53:39'),
(342, '2024-10-03', 22, 0, '2024-09-26 04:53:39', '2024-09-26 04:53:39'),
(343, '2024-10-03', 23, 0, '2024-09-26 04:53:39', '2024-09-26 04:53:39'),
(344, '2024-10-03', 24, 0, '2024-09-26 04:53:39', '2024-09-26 04:53:39'),
(345, '2024-10-03', 25, 0, '2024-09-26 04:53:39', '2024-09-26 04:53:39'),
(346, '2024-10-03', 26, 0, '2024-09-26 04:53:39', '2024-09-26 04:53:39'),
(347, '2024-10-03', 27, 0, '2024-09-26 04:53:39', '2024-09-26 04:53:39'),
(348, '2024-10-03', 28, 0, '2024-09-26 04:53:39', '2024-09-26 04:53:39'),
(349, '2024-10-03', 29, 0, '2024-09-26 04:53:39', '2024-09-26 04:53:39'),
(350, '2024-10-03', 30, 0, '2024-09-26 04:53:39', '2024-09-26 04:53:39'),
(351, '2024-10-03', 31, 0, '2024-09-26 04:53:39', '2024-09-26 04:53:39'),
(352, '2024-10-03', 32, 0, '2024-09-26 04:53:39', '2024-09-26 04:53:39'),
(353, '2024-10-03', 33, 0, '2024-09-26 04:53:39', '2024-09-26 04:53:39'),
(354, '2024-10-03', 34, 0, '2024-09-26 04:53:39', '2024-09-26 04:53:39'),
(355, '2024-10-03', 35, 0, '2024-09-26 04:53:39', '2024-09-26 04:53:39'),
(356, '2024-10-03', 36, 0, '2024-09-26 04:53:39', '2024-09-26 04:53:39'),
(357, '2024-10-03', 37, 0, '2024-09-26 04:53:39', '2024-09-26 04:53:39'),
(358, '2024-10-03', 38, 0, '2024-09-26 04:53:39', '2024-09-26 04:53:39'),
(359, '2024-10-03', 39, 0, '2024-09-26 04:53:39', '2024-09-26 04:53:39'),
(360, '2024-10-03', 40, 0, '2024-09-26 04:53:39', '2024-09-26 04:53:39'),
(361, '2024-10-03', 41, 0, '2024-09-26 04:53:39', '2024-09-26 04:53:39'),
(362, '2024-10-03', 42, 0, '2024-09-26 04:53:39', '2024-09-26 04:53:39'),
(363, '2024-10-03', 43, 0, '2024-09-26 04:53:39', '2024-09-26 04:53:39'),
(364, '2024-10-03', 44, 0, '2024-09-26 04:53:39', '2024-09-26 04:53:39'),
(365, '2024-10-03', 45, 0, '2024-09-26 04:53:39', '2024-09-26 04:53:39'),
(366, '2024-10-03', 46, 0, '2024-09-26 04:53:39', '2024-09-26 04:53:39'),
(367, '2024-10-03', 47, 0, '2024-09-26 04:53:39', '2024-09-26 04:53:39'),
(368, '2024-10-03', 48, 0, '2024-09-26 04:53:39', '2024-09-26 04:53:39'),
(369, '2024-10-03', 49, 0, '2024-09-26 04:53:39', '2024-09-26 04:53:39'),
(370, '2024-10-03', 50, 0, '2024-09-26 04:53:39', '2024-09-26 04:53:39'),
(371, '2024-10-03', 51, 0, '2024-09-26 04:53:39', '2024-09-26 04:53:39'),
(372, '2024-10-03', 52, 0, '2024-09-26 04:53:39', '2024-09-26 04:53:39'),
(373, '2024-10-03', 53, 0, '2024-09-26 04:53:39', '2024-09-26 04:53:39'),
(374, '2024-10-03', 54, 0, '2024-09-26 04:53:39', '2024-09-26 04:53:39'),
(375, '2024-10-03', 55, 0, '2024-09-26 04:53:39', '2024-09-26 04:53:39'),
(376, '2024-10-03', 56, 0, '2024-09-26 04:53:39', '2024-09-26 04:53:39'),
(377, '2024-10-03', 57, 0, '2024-09-26 04:53:39', '2024-09-26 04:53:39'),
(378, '2024-10-03', 58, 0, '2024-09-26 04:53:39', '2024-09-26 04:53:39'),
(379, '2024-10-03', 59, 0, '2024-09-26 04:53:39', '2024-09-26 04:53:39'),
(380, '2024-10-03', 60, 0, '2024-09-26 04:53:39', '2024-09-26 04:53:39'),
(381, '2024-10-03', 61, 0, '2024-09-26 04:53:39', '2024-09-26 04:53:39'),
(382, '2024-10-03', 62, 0, '2024-09-26 04:53:39', '2024-09-26 04:53:39'),
(383, '2024-10-03', 63, 0, '2024-09-26 04:53:39', '2024-09-26 04:53:39'),
(384, '2024-10-03', 64, 0, '2024-09-26 04:53:39', '2024-09-26 04:53:39'),
(385, '2024-10-03', 65, 0, '2024-09-26 04:53:39', '2024-09-26 04:53:39'),
(386, '2024-10-03', 66, 0, '2024-09-26 04:53:39', '2024-09-26 04:53:39'),
(387, '2024-10-03', 67, 0, '2024-09-26 04:53:39', '2024-09-26 04:53:39'),
(388, '2024-10-03', 68, 0, '2024-09-26 04:53:39', '2024-09-26 04:53:39'),
(389, '2024-10-03', 69, 0, '2024-09-26 04:53:39', '2024-09-26 04:53:39'),
(390, '2024-10-03', 70, 0, '2024-09-26 04:53:39', '2024-09-26 04:53:39'),
(391, '2024-10-03', 71, 0, '2024-09-26 04:53:39', '2024-09-26 04:53:39'),
(392, '2024-10-03', 72, 0, '2024-09-26 04:53:39', '2024-09-26 04:53:39'),
(393, '2024-10-03', 73, 0, '2024-09-26 04:53:39', '2024-09-26 04:53:39'),
(394, '2024-10-03', 74, 0, '2024-09-26 04:53:39', '2024-09-26 04:53:39'),
(395, '2024-10-03', 75, 0, '2024-09-26 04:53:39', '2024-09-26 04:53:39'),
(396, '2024-10-03', 76, 0, '2024-09-26 04:53:39', '2024-09-26 04:53:39'),
(397, '2024-10-03', 77, 0, '2024-09-26 04:53:39', '2024-09-26 04:53:39'),
(398, '2024-10-03', 78, 0, '2024-09-26 04:53:39', '2024-09-26 04:53:39'),
(399, '2024-10-03', 79, 0, '2024-09-26 04:53:39', '2024-09-26 04:53:39'),
(400, '2024-10-03', 80, 0, '2024-09-26 04:53:39', '2024-09-26 04:53:39'),
(401, '2024-10-04', 1, 0, '2024-09-26 04:53:39', '2024-09-26 04:53:39'),
(402, '2024-10-04', 2, 0, '2024-09-26 04:53:39', '2024-09-26 04:53:39'),
(403, '2024-10-04', 3, 0, '2024-09-26 04:53:39', '2024-09-26 04:53:39'),
(404, '2024-10-04', 4, 0, '2024-09-26 04:53:39', '2024-09-26 04:53:39'),
(405, '2024-10-04', 5, 0, '2024-09-26 04:53:39', '2024-09-26 04:53:39'),
(406, '2024-10-04', 6, 0, '2024-09-26 04:53:39', '2024-09-26 04:53:39'),
(407, '2024-10-04', 7, 0, '2024-09-26 04:53:39', '2024-09-26 04:53:39'),
(408, '2024-10-04', 8, 0, '2024-09-26 04:53:39', '2024-09-26 04:53:39'),
(409, '2024-10-04', 9, 0, '2024-09-26 04:53:39', '2024-09-26 04:53:39'),
(410, '2024-10-04', 10, 0, '2024-09-26 04:53:39', '2024-09-26 04:53:39'),
(411, '2024-10-04', 11, 0, '2024-09-26 04:53:39', '2024-09-26 04:53:39'),
(412, '2024-10-04', 12, 0, '2024-09-26 04:53:39', '2024-09-26 04:53:39'),
(413, '2024-10-04', 13, 0, '2024-09-26 04:53:39', '2024-09-26 04:53:39'),
(414, '2024-10-04', 14, 0, '2024-09-26 04:53:39', '2024-09-26 04:53:39'),
(415, '2024-10-04', 15, 0, '2024-09-26 04:53:39', '2024-09-26 04:53:39'),
(416, '2024-10-04', 16, 0, '2024-09-26 04:53:39', '2024-09-26 04:53:39'),
(417, '2024-10-04', 17, 0, '2024-09-26 04:53:39', '2024-09-26 04:53:39'),
(418, '2024-10-04', 18, 0, '2024-09-26 04:53:39', '2024-09-26 04:53:39'),
(419, '2024-10-04', 19, 0, '2024-09-26 04:53:39', '2024-09-26 04:53:39'),
(420, '2024-10-04', 20, 0, '2024-09-26 04:53:39', '2024-09-26 04:53:39'),
(421, '2024-10-04', 21, 0, '2024-09-26 04:53:39', '2024-09-26 04:53:39'),
(422, '2024-10-04', 22, 0, '2024-09-26 04:53:39', '2024-09-26 04:53:39'),
(423, '2024-10-04', 23, 0, '2024-09-26 04:53:39', '2024-09-26 04:53:39'),
(424, '2024-10-04', 24, 0, '2024-09-26 04:53:39', '2024-09-26 04:53:39'),
(425, '2024-10-04', 25, 0, '2024-09-26 04:53:39', '2024-09-26 04:53:39'),
(426, '2024-10-04', 26, 0, '2024-09-26 04:53:39', '2024-09-26 04:53:39'),
(427, '2024-10-04', 27, 0, '2024-09-26 04:53:39', '2024-09-26 04:53:39'),
(428, '2024-10-04', 28, 0, '2024-09-26 04:53:39', '2024-09-26 04:53:39'),
(429, '2024-10-04', 29, 0, '2024-09-26 04:53:39', '2024-09-26 04:53:39'),
(430, '2024-10-04', 30, 0, '2024-09-26 04:53:39', '2024-09-26 04:53:39'),
(431, '2024-10-04', 31, 0, '2024-09-26 04:53:39', '2024-09-26 04:53:39'),
(432, '2024-10-04', 32, 0, '2024-09-26 04:53:39', '2024-09-26 04:53:39'),
(433, '2024-10-04', 33, 0, '2024-09-26 04:53:39', '2024-09-26 04:53:39'),
(434, '2024-10-04', 34, 0, '2024-09-26 04:53:39', '2024-09-26 04:53:39'),
(435, '2024-10-04', 35, 0, '2024-09-26 04:53:39', '2024-09-26 04:53:39'),
(436, '2024-10-04', 36, 0, '2024-09-26 04:53:39', '2024-09-26 04:53:39'),
(437, '2024-10-04', 37, 0, '2024-09-26 04:53:39', '2024-09-26 04:53:39'),
(438, '2024-10-04', 38, 0, '2024-09-26 04:53:39', '2024-09-26 04:53:39'),
(439, '2024-10-04', 39, 0, '2024-09-26 04:53:39', '2024-09-26 04:53:39'),
(440, '2024-10-04', 40, 0, '2024-09-26 04:53:39', '2024-09-26 04:53:39'),
(441, '2024-10-04', 41, 0, '2024-09-26 04:53:39', '2024-09-26 04:53:39'),
(442, '2024-10-04', 42, 0, '2024-09-26 04:53:39', '2024-09-26 04:53:39'),
(443, '2024-10-04', 43, 0, '2024-09-26 04:53:39', '2024-09-26 04:53:39'),
(444, '2024-10-04', 44, 0, '2024-09-26 04:53:39', '2024-09-26 04:53:39'),
(445, '2024-10-04', 45, 0, '2024-09-26 04:53:39', '2024-09-26 04:53:39'),
(446, '2024-10-04', 46, 0, '2024-09-26 04:53:39', '2024-09-26 04:53:39'),
(447, '2024-10-04', 47, 0, '2024-09-26 04:53:39', '2024-09-26 04:53:39'),
(448, '2024-10-04', 48, 0, '2024-09-26 04:53:39', '2024-09-26 04:53:39'),
(449, '2024-10-04', 49, 0, '2024-09-26 04:53:39', '2024-09-26 04:53:39'),
(450, '2024-10-04', 50, 0, '2024-09-26 04:53:39', '2024-09-26 04:53:39'),
(451, '2024-10-04', 51, 0, '2024-09-26 04:53:39', '2024-09-26 04:53:39'),
(452, '2024-10-04', 52, 0, '2024-09-26 04:53:39', '2024-09-26 04:53:39'),
(453, '2024-10-04', 53, 0, '2024-09-26 04:53:39', '2024-09-26 04:53:39'),
(454, '2024-10-04', 54, 0, '2024-09-26 04:53:39', '2024-09-26 04:53:39'),
(455, '2024-10-04', 55, 0, '2024-09-26 04:53:39', '2024-09-26 04:53:39'),
(456, '2024-10-04', 56, 0, '2024-09-26 04:53:39', '2024-09-26 04:53:39'),
(457, '2024-10-04', 57, 0, '2024-09-26 04:53:39', '2024-09-26 04:53:39'),
(458, '2024-10-04', 58, 0, '2024-09-26 04:53:39', '2024-09-26 04:53:39'),
(459, '2024-10-04', 59, 0, '2024-09-26 04:53:39', '2024-09-26 04:53:39'),
(460, '2024-10-04', 60, 0, '2024-09-26 04:53:39', '2024-09-26 04:53:39'),
(461, '2024-10-04', 61, 0, '2024-09-26 04:53:39', '2024-09-26 04:53:39'),
(462, '2024-10-04', 62, 0, '2024-09-26 04:53:39', '2024-09-26 04:53:39'),
(463, '2024-10-04', 63, 0, '2024-09-26 04:53:39', '2024-09-26 04:53:39'),
(464, '2024-10-04', 64, 0, '2024-09-26 04:53:39', '2024-09-26 04:53:39'),
(465, '2024-10-04', 65, 0, '2024-09-26 04:53:39', '2024-09-26 04:53:39'),
(466, '2024-10-04', 66, 0, '2024-09-26 04:53:39', '2024-09-26 04:53:39'),
(467, '2024-10-04', 67, 0, '2024-09-26 04:53:39', '2024-09-26 04:53:39'),
(468, '2024-10-04', 68, 0, '2024-09-26 04:53:39', '2024-09-26 04:53:39'),
(469, '2024-10-04', 69, 0, '2024-09-26 04:53:39', '2024-09-26 04:53:39'),
(470, '2024-10-04', 70, 0, '2024-09-26 04:53:39', '2024-09-26 04:53:39'),
(471, '2024-10-04', 71, 0, '2024-09-26 04:53:39', '2024-09-26 04:53:39'),
(472, '2024-10-04', 72, 0, '2024-09-26 04:53:39', '2024-09-26 04:53:39'),
(473, '2024-10-04', 73, 0, '2024-09-26 04:53:39', '2024-09-26 04:53:39'),
(474, '2024-10-04', 74, 0, '2024-09-26 04:53:39', '2024-09-26 04:53:39'),
(475, '2024-10-04', 75, 0, '2024-09-26 04:53:39', '2024-09-26 04:53:39'),
(476, '2024-10-04', 76, 0, '2024-09-26 04:53:39', '2024-09-26 04:53:39'),
(477, '2024-10-04', 77, 0, '2024-09-26 04:53:39', '2024-09-26 04:53:39'),
(478, '2024-10-04', 78, 0, '2024-09-26 04:53:39', '2024-09-26 04:53:39'),
(479, '2024-10-04', 79, 0, '2024-09-26 04:53:39', '2024-09-26 04:53:39'),
(480, '2024-10-04', 80, 0, '2024-09-26 04:53:39', '2024-09-26 04:53:39'),
(481, '2024-10-07', 1, 0, '2024-09-26 04:53:39', '2024-09-26 04:53:39'),
(482, '2024-10-07', 2, 0, '2024-09-26 04:53:39', '2024-09-26 04:53:39'),
(483, '2024-10-07', 3, 0, '2024-09-26 04:53:39', '2024-09-26 04:53:39'),
(484, '2024-10-07', 4, 0, '2024-09-26 04:53:39', '2024-09-26 04:53:39'),
(485, '2024-10-07', 5, 0, '2024-09-26 04:53:39', '2024-09-26 04:53:39'),
(486, '2024-10-07', 6, 0, '2024-09-26 04:53:39', '2024-09-26 04:53:39'),
(487, '2024-10-07', 7, 0, '2024-09-26 04:53:39', '2024-09-26 04:53:39'),
(488, '2024-10-07', 8, 0, '2024-09-26 04:53:39', '2024-09-26 04:53:39'),
(489, '2024-10-07', 9, 0, '2024-09-26 04:53:39', '2024-09-26 04:53:39'),
(490, '2024-10-07', 10, 0, '2024-09-26 04:53:39', '2024-09-26 04:53:39'),
(491, '2024-10-07', 11, 0, '2024-09-26 04:53:39', '2024-09-26 04:53:39'),
(492, '2024-10-07', 12, 0, '2024-09-26 04:53:39', '2024-09-26 04:53:39'),
(493, '2024-10-07', 13, 0, '2024-09-26 04:53:39', '2024-09-26 04:53:39'),
(494, '2024-10-07', 14, 0, '2024-09-26 04:53:39', '2024-09-26 04:53:39'),
(495, '2024-10-07', 15, 0, '2024-09-26 04:53:39', '2024-09-26 04:53:39'),
(496, '2024-10-07', 16, 0, '2024-09-26 04:53:39', '2024-09-26 04:53:39'),
(497, '2024-10-07', 17, 0, '2024-09-26 04:53:39', '2024-09-26 04:53:39'),
(498, '2024-10-07', 18, 0, '2024-09-26 04:53:39', '2024-09-26 04:53:39'),
(499, '2024-10-07', 19, 0, '2024-09-26 04:53:39', '2024-09-26 04:53:39'),
(500, '2024-10-07', 20, 0, '2024-09-26 04:53:39', '2024-09-26 04:53:39'),
(501, '2024-10-07', 21, 0, '2024-09-26 04:53:39', '2024-09-26 04:53:39'),
(502, '2024-10-07', 22, 0, '2024-09-26 04:53:39', '2024-09-26 04:53:39'),
(503, '2024-10-07', 23, 0, '2024-09-26 04:53:39', '2024-09-26 04:53:39'),
(504, '2024-10-07', 24, 0, '2024-09-26 04:53:39', '2024-09-26 04:53:39'),
(505, '2024-10-07', 25, 0, '2024-09-26 04:53:39', '2024-09-26 04:53:39'),
(506, '2024-10-07', 26, 0, '2024-09-26 04:53:39', '2024-09-26 04:53:39'),
(507, '2024-10-07', 27, 0, '2024-09-26 04:53:39', '2024-09-26 04:53:39'),
(508, '2024-10-07', 28, 0, '2024-09-26 04:53:39', '2024-09-26 04:53:39'),
(509, '2024-10-07', 29, 0, '2024-09-26 04:53:39', '2024-09-26 04:53:39'),
(510, '2024-10-07', 30, 0, '2024-09-26 04:53:39', '2024-09-26 04:53:39'),
(511, '2024-10-07', 31, 0, '2024-09-26 04:53:39', '2024-09-26 04:53:39'),
(512, '2024-10-07', 32, 0, '2024-09-26 04:53:39', '2024-09-26 04:53:39'),
(513, '2024-10-07', 33, 0, '2024-09-26 04:53:39', '2024-09-26 04:53:39'),
(514, '2024-10-07', 34, 0, '2024-09-26 04:53:39', '2024-09-26 04:53:39'),
(515, '2024-10-07', 35, 0, '2024-09-26 04:53:39', '2024-09-26 04:53:39'),
(516, '2024-10-07', 36, 0, '2024-09-26 04:53:39', '2024-09-26 04:53:39'),
(517, '2024-10-07', 37, 0, '2024-09-26 04:53:39', '2024-09-26 04:53:39'),
(518, '2024-10-07', 38, 0, '2024-09-26 04:53:39', '2024-09-26 04:53:39'),
(519, '2024-10-07', 39, 0, '2024-09-26 04:53:39', '2024-09-26 04:53:39'),
(520, '2024-10-07', 40, 0, '2024-09-26 04:53:39', '2024-09-26 04:53:39'),
(521, '2024-10-07', 41, 0, '2024-09-26 04:53:39', '2024-09-26 04:53:39'),
(522, '2024-10-07', 42, 0, '2024-09-26 04:53:39', '2024-09-26 04:53:39'),
(523, '2024-10-07', 43, 0, '2024-09-26 04:53:39', '2024-09-26 04:53:39'),
(524, '2024-10-07', 44, 0, '2024-09-26 04:53:39', '2024-09-26 04:53:39'),
(525, '2024-10-07', 45, 0, '2024-09-26 04:53:39', '2024-09-26 04:53:39'),
(526, '2024-10-07', 46, 0, '2024-09-26 04:53:39', '2024-09-26 04:53:39'),
(527, '2024-10-07', 47, 0, '2024-09-26 04:53:39', '2024-09-26 04:53:39'),
(528, '2024-10-07', 48, 0, '2024-09-26 04:53:39', '2024-09-26 04:53:39'),
(529, '2024-10-07', 49, 0, '2024-09-26 04:53:39', '2024-09-26 04:53:39'),
(530, '2024-10-07', 50, 0, '2024-09-26 04:53:39', '2024-09-26 04:53:39'),
(531, '2024-10-07', 51, 0, '2024-09-26 04:53:39', '2024-09-26 04:53:39'),
(532, '2024-10-07', 52, 0, '2024-09-26 04:53:39', '2024-09-26 04:53:39'),
(533, '2024-10-07', 53, 0, '2024-09-26 04:53:39', '2024-09-26 04:53:39'),
(534, '2024-10-07', 54, 0, '2024-09-26 04:53:39', '2024-09-26 04:53:39'),
(535, '2024-10-07', 55, 0, '2024-09-26 04:53:39', '2024-09-26 04:53:39'),
(536, '2024-10-07', 56, 0, '2024-09-26 04:53:39', '2024-09-26 04:53:39'),
(537, '2024-10-07', 57, 0, '2024-09-26 04:53:39', '2024-09-26 04:53:39'),
(538, '2024-10-07', 58, 0, '2024-09-26 04:53:39', '2024-09-26 04:53:39'),
(539, '2024-10-07', 59, 0, '2024-09-26 04:53:39', '2024-09-26 04:53:39'),
(540, '2024-10-07', 60, 0, '2024-09-26 04:53:39', '2024-09-26 04:53:39'),
(541, '2024-10-07', 61, 0, '2024-09-26 04:53:39', '2024-09-26 04:53:39'),
(542, '2024-10-07', 62, 0, '2024-09-26 04:53:39', '2024-09-26 04:53:39'),
(543, '2024-10-07', 63, 0, '2024-09-26 04:53:39', '2024-09-26 04:53:39'),
(544, '2024-10-07', 64, 0, '2024-09-26 04:53:39', '2024-09-26 04:53:39'),
(545, '2024-10-07', 65, 0, '2024-09-26 04:53:39', '2024-09-26 04:53:39'),
(546, '2024-10-07', 66, 0, '2024-09-26 04:53:39', '2024-09-26 04:53:39'),
(547, '2024-10-07', 67, 0, '2024-09-26 04:53:39', '2024-09-26 04:53:39'),
(548, '2024-10-07', 68, 0, '2024-09-26 04:53:39', '2024-09-26 04:53:39'),
(549, '2024-10-07', 69, 0, '2024-09-26 04:53:39', '2024-09-26 04:53:39'),
(550, '2024-10-07', 70, 0, '2024-09-26 04:53:39', '2024-09-26 04:53:39'),
(551, '2024-10-07', 71, 0, '2024-09-26 04:53:39', '2024-09-26 04:53:39'),
(552, '2024-10-07', 72, 0, '2024-09-26 04:53:39', '2024-09-26 04:53:39'),
(553, '2024-10-07', 73, 0, '2024-09-26 04:53:39', '2024-09-26 04:53:39'),
(554, '2024-10-07', 74, 0, '2024-09-26 04:53:39', '2024-09-26 04:53:39'),
(555, '2024-10-07', 75, 0, '2024-09-26 04:53:39', '2024-09-26 04:53:39'),
(556, '2024-10-07', 76, 0, '2024-09-26 04:53:39', '2024-09-26 04:53:39'),
(557, '2024-10-07', 77, 0, '2024-09-26 04:53:39', '2024-09-26 04:53:39'),
(558, '2024-10-07', 78, 0, '2024-09-26 04:53:39', '2024-09-26 04:53:39'),
(559, '2024-10-07', 79, 0, '2024-09-26 04:53:39', '2024-09-26 04:53:39'),
(560, '2024-10-07', 80, 0, '2024-09-26 04:53:39', '2024-09-26 04:53:39'),
(561, '2024-10-08', 1, 0, '2024-09-26 04:53:39', '2024-09-26 04:53:39'),
(562, '2024-10-08', 2, 0, '2024-09-26 04:53:39', '2024-10-01 15:48:54'),
(563, '2024-10-08', 3, 0, '2024-09-26 04:53:39', '2024-09-26 04:53:39'),
(564, '2024-10-08', 4, 0, '2024-09-26 04:53:39', '2024-09-26 04:53:39'),
(565, '2024-10-08', 5, 0, '2024-09-26 04:53:39', '2024-09-26 04:53:39'),
(566, '2024-10-08', 6, 0, '2024-09-26 04:53:39', '2024-09-26 04:53:39'),
(567, '2024-10-08', 7, 0, '2024-09-26 04:53:39', '2024-09-26 04:53:39'),
(568, '2024-10-08', 8, 0, '2024-09-26 04:53:39', '2024-09-26 04:53:39'),
(569, '2024-10-08', 9, 0, '2024-09-26 04:53:39', '2024-09-26 04:53:39'),
(570, '2024-10-08', 10, 0, '2024-09-26 04:53:39', '2024-09-26 04:53:39'),
(571, '2024-10-08', 11, 0, '2024-09-26 04:53:39', '2024-09-26 04:53:39'),
(572, '2024-10-08', 12, 0, '2024-09-26 04:53:39', '2024-09-26 04:53:39'),
(573, '2024-10-08', 13, 0, '2024-09-26 04:53:39', '2024-09-26 04:53:39'),
(574, '2024-10-08', 14, 0, '2024-09-26 04:53:39', '2024-09-26 04:53:39'),
(575, '2024-10-08', 15, 0, '2024-09-26 04:53:39', '2024-09-26 04:53:39'),
(576, '2024-10-08', 16, 0, '2024-09-26 04:53:39', '2024-09-26 04:53:39'),
(577, '2024-10-08', 17, 0, '2024-09-26 04:53:39', '2024-09-26 04:53:39'),
(578, '2024-10-08', 18, 0, '2024-09-26 04:53:39', '2024-09-26 04:53:39'),
(579, '2024-10-08', 19, 0, '2024-09-26 04:53:39', '2024-09-26 04:53:39'),
(580, '2024-10-08', 20, 0, '2024-09-26 04:53:39', '2024-09-26 04:53:39'),
(581, '2024-10-08', 21, 0, '2024-09-26 04:53:39', '2024-09-26 04:53:39'),
(582, '2024-10-08', 22, 0, '2024-09-26 04:53:39', '2024-09-26 04:53:39'),
(583, '2024-10-08', 23, 0, '2024-09-26 04:53:39', '2024-09-26 04:53:39'),
(584, '2024-10-08', 24, 0, '2024-09-26 04:53:39', '2024-09-26 04:53:39'),
(585, '2024-10-08', 25, 0, '2024-09-26 04:53:39', '2024-09-26 04:53:39'),
(586, '2024-10-08', 26, 0, '2024-09-26 04:53:39', '2024-09-26 04:53:39'),
(587, '2024-10-08', 27, 0, '2024-09-26 04:53:39', '2024-09-26 04:53:39'),
(588, '2024-10-08', 28, 0, '2024-09-26 04:53:39', '2024-09-26 04:53:39'),
(589, '2024-10-08', 29, 0, '2024-09-26 04:53:39', '2024-09-26 04:53:39'),
(590, '2024-10-08', 30, 0, '2024-09-26 04:53:39', '2024-09-26 04:53:39'),
(591, '2024-10-08', 31, 0, '2024-09-26 04:53:39', '2024-09-26 04:53:39'),
(592, '2024-10-08', 32, 0, '2024-09-26 04:53:39', '2024-09-26 04:53:39'),
(593, '2024-10-08', 33, 0, '2024-09-26 04:53:39', '2024-09-26 04:53:39'),
(594, '2024-10-08', 34, 0, '2024-09-26 04:53:39', '2024-09-26 04:53:39'),
(595, '2024-10-08', 35, 0, '2024-09-26 04:53:39', '2024-09-26 04:53:39'),
(596, '2024-10-08', 36, 0, '2024-09-26 04:53:39', '2024-09-26 04:53:39'),
(597, '2024-10-08', 37, 0, '2024-09-26 04:53:39', '2024-09-26 04:53:39'),
(598, '2024-10-08', 38, 0, '2024-09-26 04:53:39', '2024-09-26 04:53:39'),
(599, '2024-10-08', 39, 0, '2024-09-26 04:53:39', '2024-09-26 04:53:39'),
(600, '2024-10-08', 40, 0, '2024-09-26 04:53:39', '2024-09-26 04:53:39'),
(601, '2024-10-08', 41, 0, '2024-09-26 04:53:39', '2024-09-26 04:53:39'),
(602, '2024-10-08', 42, 0, '2024-09-26 04:53:39', '2024-09-26 04:53:39'),
(603, '2024-10-08', 43, 0, '2024-09-26 04:53:39', '2024-09-26 04:53:39'),
(604, '2024-10-08', 44, 0, '2024-09-26 04:53:39', '2024-09-26 04:53:39'),
(605, '2024-10-08', 45, 0, '2024-09-26 04:53:39', '2024-09-26 04:53:39'),
(606, '2024-10-08', 46, 0, '2024-09-26 04:53:39', '2024-09-26 04:53:39'),
(607, '2024-10-08', 47, 0, '2024-09-26 04:53:39', '2024-09-26 04:53:39'),
(608, '2024-10-08', 48, 0, '2024-09-26 04:53:39', '2024-09-26 04:53:39'),
(609, '2024-10-08', 49, 0, '2024-09-26 04:53:39', '2024-09-26 04:53:39'),
(610, '2024-10-08', 50, 0, '2024-09-26 04:53:39', '2024-09-26 04:53:39'),
(611, '2024-10-08', 51, 0, '2024-09-26 04:53:39', '2024-09-26 04:53:39'),
(612, '2024-10-08', 52, 0, '2024-09-26 04:53:39', '2024-09-26 04:53:39'),
(613, '2024-10-08', 53, 0, '2024-09-26 04:53:39', '2024-09-26 04:53:39'),
(614, '2024-10-08', 54, 0, '2024-09-26 04:53:39', '2024-09-26 04:53:39'),
(615, '2024-10-08', 55, 0, '2024-09-26 04:53:39', '2024-09-26 04:53:39'),
(616, '2024-10-08', 56, 0, '2024-09-26 04:53:39', '2024-09-26 04:53:39'),
(617, '2024-10-08', 57, 0, '2024-09-26 04:53:39', '2024-09-26 04:53:39'),
(618, '2024-10-08', 58, 0, '2024-09-26 04:53:39', '2024-09-26 04:53:39'),
(619, '2024-10-08', 59, 0, '2024-09-26 04:53:39', '2024-09-26 04:53:39'),
(620, '2024-10-08', 60, 0, '2024-09-26 04:53:39', '2024-09-26 04:53:39'),
(621, '2024-10-08', 61, 0, '2024-09-26 04:53:39', '2024-09-26 04:53:39'),
(622, '2024-10-08', 62, 0, '2024-09-26 04:53:39', '2024-09-26 04:53:39'),
(623, '2024-10-08', 63, 0, '2024-09-26 04:53:39', '2024-09-26 04:53:39'),
(624, '2024-10-08', 64, 0, '2024-09-26 04:53:39', '2024-09-26 04:53:39'),
(625, '2024-10-08', 65, 0, '2024-09-26 04:53:39', '2024-09-26 04:53:39'),
(626, '2024-10-08', 66, 0, '2024-09-26 04:53:39', '2024-09-26 04:53:39'),
(627, '2024-10-08', 67, 0, '2024-09-26 04:53:39', '2024-09-26 04:53:39'),
(628, '2024-10-08', 68, 0, '2024-09-26 04:53:39', '2024-09-26 04:53:39'),
(629, '2024-10-08', 69, 0, '2024-09-26 04:53:39', '2024-09-26 04:53:39'),
(630, '2024-10-08', 70, 0, '2024-09-26 04:53:39', '2024-09-26 04:53:39'),
(631, '2024-10-08', 71, 0, '2024-09-26 04:53:39', '2024-09-26 04:53:39'),
(632, '2024-10-08', 72, 0, '2024-09-26 04:53:39', '2024-09-26 04:53:39'),
(633, '2024-10-08', 73, 0, '2024-09-26 04:53:39', '2024-09-26 04:53:39'),
(634, '2024-10-08', 74, 0, '2024-09-26 04:53:39', '2024-09-26 04:53:39'),
(635, '2024-10-08', 75, 0, '2024-09-26 04:53:39', '2024-09-26 04:53:39'),
(636, '2024-10-08', 76, 0, '2024-09-26 04:53:39', '2024-09-26 04:53:39'),
(637, '2024-10-08', 77, 0, '2024-09-26 04:53:39', '2024-09-26 04:53:39'),
(638, '2024-10-08', 78, 0, '2024-09-26 04:53:39', '2024-09-26 04:53:39'),
(639, '2024-10-08', 79, 0, '2024-09-26 04:53:39', '2024-09-26 04:53:39'),
(640, '2024-10-08', 80, 0, '2024-09-26 04:53:39', '2024-09-26 04:53:39'),
(641, '2024-10-09', 1, 0, '2024-09-26 04:53:39', '2024-09-26 04:53:39'),
(642, '2024-10-09', 2, 0, '2024-09-26 04:53:39', '2024-09-26 04:53:39'),
(643, '2024-10-09', 3, 0, '2024-09-26 04:53:39', '2024-10-01 15:48:46'),
(644, '2024-10-09', 4, 0, '2024-09-26 04:53:39', '2024-09-26 04:53:39'),
(645, '2024-10-09', 5, 0, '2024-09-26 04:53:39', '2024-09-26 04:53:39'),
(646, '2024-10-09', 6, 0, '2024-09-26 04:53:39', '2024-09-26 04:53:39'),
(647, '2024-10-09', 7, 0, '2024-09-26 04:53:39', '2024-09-26 04:53:39'),
(648, '2024-10-09', 8, 0, '2024-09-26 04:53:39', '2024-09-26 04:53:39'),
(649, '2024-10-09', 9, 0, '2024-09-26 04:53:39', '2024-09-26 04:53:39'),
(650, '2024-10-09', 10, 0, '2024-09-26 04:53:39', '2024-09-26 04:53:39'),
(651, '2024-10-09', 11, 0, '2024-09-26 04:53:39', '2024-09-26 04:53:39'),
(652, '2024-10-09', 12, 0, '2024-09-26 04:53:39', '2024-09-26 04:53:39'),
(653, '2024-10-09', 13, 0, '2024-09-26 04:53:39', '2024-09-26 04:53:39'),
(654, '2024-10-09', 14, 0, '2024-09-26 04:53:39', '2024-09-26 04:53:39'),
(655, '2024-10-09', 15, 0, '2024-09-26 04:53:39', '2024-09-26 04:53:39'),
(656, '2024-10-09', 16, 0, '2024-09-26 04:53:39', '2024-09-26 04:53:39'),
(657, '2024-10-09', 17, 0, '2024-09-26 04:53:39', '2024-09-26 04:53:39'),
(658, '2024-10-09', 18, 0, '2024-09-26 04:53:39', '2024-09-26 04:53:39'),
(659, '2024-10-09', 19, 0, '2024-09-26 04:53:39', '2024-09-26 04:53:39'),
(660, '2024-10-09', 20, 0, '2024-09-26 04:53:39', '2024-09-26 04:53:39'),
(661, '2024-10-09', 21, 0, '2024-09-26 04:53:39', '2024-09-26 04:53:39'),
(662, '2024-10-09', 22, 0, '2024-09-26 04:53:39', '2024-09-26 04:53:39'),
(663, '2024-10-09', 23, 0, '2024-09-26 04:53:39', '2024-09-26 04:53:39'),
(664, '2024-10-09', 24, 0, '2024-09-26 04:53:39', '2024-09-26 04:53:39'),
(665, '2024-10-09', 25, 0, '2024-09-26 04:53:39', '2024-09-26 04:53:39'),
(666, '2024-10-09', 26, 0, '2024-09-26 04:53:39', '2024-09-26 04:53:39'),
(667, '2024-10-09', 27, 0, '2024-09-26 04:53:39', '2024-09-26 04:53:39'),
(668, '2024-10-09', 28, 0, '2024-09-26 04:53:39', '2024-09-26 04:53:39'),
(669, '2024-10-09', 29, 0, '2024-09-26 04:53:39', '2024-09-26 04:53:39'),
(670, '2024-10-09', 30, 0, '2024-09-26 04:53:39', '2024-09-26 04:53:39'),
(671, '2024-10-09', 31, 0, '2024-09-26 04:53:39', '2024-09-26 04:53:39'),
(672, '2024-10-09', 32, 0, '2024-09-26 04:53:39', '2024-09-26 04:53:39'),
(673, '2024-10-09', 33, 0, '2024-09-26 04:53:39', '2024-09-26 04:53:39'),
(674, '2024-10-09', 34, 0, '2024-09-26 04:53:39', '2024-09-26 04:53:39'),
(675, '2024-10-09', 35, 0, '2024-09-26 04:53:39', '2024-09-26 04:53:39'),
(676, '2024-10-09', 36, 0, '2024-09-26 04:53:39', '2024-09-26 04:53:39'),
(677, '2024-10-09', 37, 0, '2024-09-26 04:53:39', '2024-09-26 04:53:39'),
(678, '2024-10-09', 38, 0, '2024-09-26 04:53:39', '2024-09-26 04:53:39'),
(679, '2024-10-09', 39, 0, '2024-09-26 04:53:39', '2024-09-26 04:53:39'),
(680, '2024-10-09', 40, 0, '2024-09-26 04:53:39', '2024-09-26 04:53:39'),
(681, '2024-10-09', 41, 0, '2024-09-26 04:53:39', '2024-09-26 04:53:39'),
(682, '2024-10-09', 42, 0, '2024-09-26 04:53:39', '2024-09-26 04:53:39'),
(683, '2024-10-09', 43, 0, '2024-09-26 04:53:39', '2024-09-26 04:53:39'),
(684, '2024-10-09', 44, 0, '2024-09-26 04:53:39', '2024-09-26 04:53:39'),
(685, '2024-10-09', 45, 0, '2024-09-26 04:53:39', '2024-09-26 04:53:39'),
(686, '2024-10-09', 46, 0, '2024-09-26 04:53:39', '2024-09-26 04:53:39'),
(687, '2024-10-09', 47, 0, '2024-09-26 04:53:39', '2024-09-26 04:53:39'),
(688, '2024-10-09', 48, 0, '2024-09-26 04:53:39', '2024-09-26 04:53:39'),
(689, '2024-10-09', 49, 0, '2024-09-26 04:53:39', '2024-09-26 04:53:39'),
(690, '2024-10-09', 50, 0, '2024-09-26 04:53:39', '2024-09-26 04:53:39'),
(691, '2024-10-09', 51, 0, '2024-09-26 04:53:39', '2024-09-26 04:53:39'),
(692, '2024-10-09', 52, 0, '2024-09-26 04:53:39', '2024-09-26 04:53:39'),
(693, '2024-10-09', 53, 0, '2024-09-26 04:53:39', '2024-09-26 04:53:39'),
(694, '2024-10-09', 54, 0, '2024-09-26 04:53:39', '2024-09-26 04:53:39'),
(695, '2024-10-09', 55, 0, '2024-09-26 04:53:39', '2024-09-26 04:53:39');
INSERT INTO `date_seats` (`id`, `date`, `seat_no`, `is_booked`, `created_at`, `updated_at`) VALUES
(696, '2024-10-09', 56, 0, '2024-09-26 04:53:39', '2024-09-26 04:53:39'),
(697, '2024-10-09', 57, 0, '2024-09-26 04:53:39', '2024-09-26 04:53:39'),
(698, '2024-10-09', 58, 0, '2024-09-26 04:53:39', '2024-09-26 04:53:39'),
(699, '2024-10-09', 59, 0, '2024-09-26 04:53:39', '2024-09-26 04:53:39'),
(700, '2024-10-09', 60, 0, '2024-09-26 04:53:39', '2024-09-26 04:53:39'),
(701, '2024-10-09', 61, 0, '2024-09-26 04:53:39', '2024-09-26 04:53:39'),
(702, '2024-10-09', 62, 0, '2024-09-26 04:53:39', '2024-09-26 04:53:39'),
(703, '2024-10-09', 63, 0, '2024-09-26 04:53:39', '2024-09-26 04:53:39'),
(704, '2024-10-09', 64, 0, '2024-09-26 04:53:39', '2024-09-26 04:53:39'),
(705, '2024-10-09', 65, 0, '2024-09-26 04:53:39', '2024-09-26 04:53:39'),
(706, '2024-10-09', 66, 0, '2024-09-26 04:53:39', '2024-09-26 04:53:39'),
(707, '2024-10-09', 67, 0, '2024-09-26 04:53:39', '2024-09-26 04:53:39'),
(708, '2024-10-09', 68, 0, '2024-09-26 04:53:39', '2024-09-26 04:53:39'),
(709, '2024-10-09', 69, 0, '2024-09-26 04:53:39', '2024-09-26 04:53:39'),
(710, '2024-10-09', 70, 0, '2024-09-26 04:53:39', '2024-09-26 04:53:39'),
(711, '2024-10-09', 71, 0, '2024-09-26 04:53:39', '2024-09-26 04:53:39'),
(712, '2024-10-09', 72, 0, '2024-09-26 04:53:39', '2024-09-26 04:53:39'),
(713, '2024-10-09', 73, 0, '2024-09-26 04:53:39', '2024-09-26 04:53:39'),
(714, '2024-10-09', 74, 0, '2024-09-26 04:53:39', '2024-09-26 04:53:39'),
(715, '2024-10-09', 75, 0, '2024-09-26 04:53:39', '2024-09-26 04:53:39'),
(716, '2024-10-09', 76, 0, '2024-09-26 04:53:39', '2024-09-26 04:53:39'),
(717, '2024-10-09', 77, 0, '2024-09-26 04:53:39', '2024-09-26 04:53:39'),
(718, '2024-10-09', 78, 0, '2024-09-26 04:53:39', '2024-09-26 04:53:39'),
(719, '2024-10-09', 79, 0, '2024-09-26 04:53:39', '2024-09-26 04:53:39'),
(720, '2024-10-09', 80, 0, '2024-09-26 04:53:39', '2024-09-26 04:53:39'),
(721, '2024-10-10', 1, 0, '2024-09-26 04:53:39', '2024-09-26 04:53:39'),
(722, '2024-10-10', 2, 0, '2024-09-26 04:53:39', '2024-09-26 04:53:39'),
(723, '2024-10-10', 3, 0, '2024-09-26 04:53:39', '2024-09-26 04:53:39'),
(724, '2024-10-10', 4, 0, '2024-09-26 04:53:39', '2024-10-01 15:48:06'),
(725, '2024-10-10', 5, 0, '2024-09-26 04:53:39', '2024-09-26 04:53:39'),
(726, '2024-10-10', 6, 0, '2024-09-26 04:53:39', '2024-09-26 04:53:39'),
(727, '2024-10-10', 7, 0, '2024-09-26 04:53:39', '2024-09-26 04:53:39'),
(728, '2024-10-10', 8, 0, '2024-09-26 04:53:39', '2024-09-26 04:53:39'),
(729, '2024-10-10', 9, 0, '2024-09-26 04:53:39', '2024-09-26 04:53:39'),
(730, '2024-10-10', 10, 0, '2024-09-26 04:53:39', '2024-09-26 04:53:39'),
(731, '2024-10-10', 11, 0, '2024-09-26 04:53:39', '2024-09-26 04:53:39'),
(732, '2024-10-10', 12, 0, '2024-09-26 04:53:39', '2024-09-26 04:53:39'),
(733, '2024-10-10', 13, 0, '2024-09-26 04:53:39', '2024-09-26 04:53:39'),
(734, '2024-10-10', 14, 0, '2024-09-26 04:53:39', '2024-09-26 04:53:39'),
(735, '2024-10-10', 15, 0, '2024-09-26 04:53:39', '2024-09-26 04:53:39'),
(736, '2024-10-10', 16, 0, '2024-09-26 04:53:39', '2024-09-26 04:53:39'),
(737, '2024-10-10', 17, 0, '2024-09-26 04:53:39', '2024-09-26 04:53:39'),
(738, '2024-10-10', 18, 0, '2024-09-26 04:53:39', '2024-09-26 04:53:39'),
(739, '2024-10-10', 19, 0, '2024-09-26 04:53:39', '2024-09-26 04:53:39'),
(740, '2024-10-10', 20, 0, '2024-09-26 04:53:39', '2024-09-26 04:53:39'),
(741, '2024-10-10', 21, 0, '2024-09-26 04:53:39', '2024-09-26 04:53:39'),
(742, '2024-10-10', 22, 0, '2024-09-26 04:53:39', '2024-09-26 04:53:39'),
(743, '2024-10-10', 23, 0, '2024-09-26 04:53:39', '2024-09-26 04:53:39'),
(744, '2024-10-10', 24, 0, '2024-09-26 04:53:39', '2024-09-26 04:53:39'),
(745, '2024-10-10', 25, 0, '2024-09-26 04:53:39', '2024-09-26 04:53:39'),
(746, '2024-10-10', 26, 0, '2024-09-26 04:53:39', '2024-09-26 04:53:39'),
(747, '2024-10-10', 27, 0, '2024-09-26 04:53:39', '2024-09-26 04:53:39'),
(748, '2024-10-10', 28, 0, '2024-09-26 04:53:39', '2024-09-26 04:53:39'),
(749, '2024-10-10', 29, 0, '2024-09-26 04:53:39', '2024-09-26 04:53:39'),
(750, '2024-10-10', 30, 0, '2024-09-26 04:53:39', '2024-09-26 04:53:39'),
(751, '2024-10-10', 31, 0, '2024-09-26 04:53:39', '2024-09-26 04:53:39'),
(752, '2024-10-10', 32, 0, '2024-09-26 04:53:39', '2024-09-26 04:53:39'),
(753, '2024-10-10', 33, 0, '2024-09-26 04:53:39', '2024-09-26 04:53:39'),
(754, '2024-10-10', 34, 0, '2024-09-26 04:53:39', '2024-09-26 04:53:39'),
(755, '2024-10-10', 35, 0, '2024-09-26 04:53:39', '2024-09-26 04:53:39'),
(756, '2024-10-10', 36, 0, '2024-09-26 04:53:39', '2024-09-26 04:53:39'),
(757, '2024-10-10', 37, 0, '2024-09-26 04:53:39', '2024-09-26 04:53:39'),
(758, '2024-10-10', 38, 0, '2024-09-26 04:53:39', '2024-09-26 04:53:39'),
(759, '2024-10-10', 39, 0, '2024-09-26 04:53:39', '2024-09-26 04:53:39'),
(760, '2024-10-10', 40, 0, '2024-09-26 04:53:39', '2024-09-26 04:53:39'),
(761, '2024-10-10', 41, 0, '2024-09-26 04:53:39', '2024-09-26 04:53:39'),
(762, '2024-10-10', 42, 0, '2024-09-26 04:53:39', '2024-09-26 04:53:39'),
(763, '2024-10-10', 43, 0, '2024-09-26 04:53:39', '2024-09-26 04:53:39'),
(764, '2024-10-10', 44, 0, '2024-09-26 04:53:39', '2024-09-26 04:53:39'),
(765, '2024-10-10', 45, 0, '2024-09-26 04:53:39', '2024-09-26 04:53:39'),
(766, '2024-10-10', 46, 0, '2024-09-26 04:53:39', '2024-09-26 04:53:39'),
(767, '2024-10-10', 47, 0, '2024-09-26 04:53:39', '2024-09-26 04:53:39'),
(768, '2024-10-10', 48, 0, '2024-09-26 04:53:39', '2024-09-26 04:53:39'),
(769, '2024-10-10', 49, 0, '2024-09-26 04:53:39', '2024-09-26 04:53:39'),
(770, '2024-10-10', 50, 0, '2024-09-26 04:53:39', '2024-09-26 04:53:39'),
(771, '2024-10-10', 51, 0, '2024-09-26 04:53:39', '2024-09-26 04:53:39'),
(772, '2024-10-10', 52, 0, '2024-09-26 04:53:39', '2024-09-26 04:53:39'),
(773, '2024-10-10', 53, 0, '2024-09-26 04:53:39', '2024-09-26 04:53:39'),
(774, '2024-10-10', 54, 0, '2024-09-26 04:53:39', '2024-09-26 04:53:39'),
(775, '2024-10-10', 55, 0, '2024-09-26 04:53:39', '2024-09-26 04:53:39'),
(776, '2024-10-10', 56, 0, '2024-09-26 04:53:39', '2024-09-26 04:53:39'),
(777, '2024-10-10', 57, 0, '2024-09-26 04:53:39', '2024-09-26 04:53:39'),
(778, '2024-10-10', 58, 0, '2024-09-26 04:53:39', '2024-09-26 04:53:39'),
(779, '2024-10-10', 59, 0, '2024-09-26 04:53:39', '2024-09-26 04:53:39'),
(780, '2024-10-10', 60, 0, '2024-09-26 04:53:39', '2024-09-26 04:53:39'),
(781, '2024-10-10', 61, 0, '2024-09-26 04:53:39', '2024-09-26 04:53:39'),
(782, '2024-10-10', 62, 0, '2024-09-26 04:53:39', '2024-09-26 04:53:39'),
(783, '2024-10-10', 63, 0, '2024-09-26 04:53:39', '2024-09-26 04:53:39'),
(784, '2024-10-10', 64, 0, '2024-09-26 04:53:39', '2024-09-26 04:53:39'),
(785, '2024-10-10', 65, 0, '2024-09-26 04:53:39', '2024-09-26 04:53:39'),
(786, '2024-10-10', 66, 0, '2024-09-26 04:53:39', '2024-09-26 04:53:39'),
(787, '2024-10-10', 67, 0, '2024-09-26 04:53:39', '2024-09-26 04:53:39'),
(788, '2024-10-10', 68, 0, '2024-09-26 04:53:39', '2024-09-26 04:53:39'),
(789, '2024-10-10', 69, 0, '2024-09-26 04:53:39', '2024-09-26 04:53:39'),
(790, '2024-10-10', 70, 0, '2024-09-26 04:53:39', '2024-09-26 04:53:39'),
(791, '2024-10-10', 71, 0, '2024-09-26 04:53:39', '2024-09-26 04:53:39'),
(792, '2024-10-10', 72, 0, '2024-09-26 04:53:39', '2024-09-26 04:53:39'),
(793, '2024-10-10', 73, 0, '2024-09-26 04:53:39', '2024-09-26 04:53:39'),
(794, '2024-10-10', 74, 0, '2024-09-26 04:53:39', '2024-09-26 04:53:39'),
(795, '2024-10-10', 75, 0, '2024-09-26 04:53:39', '2024-09-26 04:53:39'),
(796, '2024-10-10', 76, 0, '2024-09-26 04:53:39', '2024-09-26 04:53:39'),
(797, '2024-10-10', 77, 0, '2024-09-26 04:53:39', '2024-09-26 04:53:39'),
(798, '2024-10-10', 78, 0, '2024-09-26 04:53:39', '2024-09-26 04:53:39'),
(799, '2024-10-10', 79, 0, '2024-09-26 04:53:39', '2024-09-26 04:53:39'),
(800, '2024-10-10', 80, 0, '2024-09-26 04:53:39', '2024-09-26 04:53:39'),
(801, '2024-09-27', 1, 1, '2024-09-26 07:58:40', '2024-09-26 09:04:25'),
(802, '2024-09-27', 2, 0, '2024-09-26 07:58:40', '2024-09-26 07:58:40'),
(803, '2024-09-27', 3, 0, '2024-09-26 07:58:40', '2024-09-26 07:58:40'),
(804, '2024-09-27', 4, 0, '2024-09-26 07:58:40', '2024-09-26 07:58:40'),
(805, '2024-09-27', 5, 1, '2024-09-26 07:58:40', '2024-09-26 09:52:41'),
(806, '2024-09-27', 6, 1, '2024-09-26 07:58:40', '2024-09-26 12:34:53'),
(807, '2024-09-27', 7, 0, '2024-09-26 07:58:40', '2024-09-26 07:58:40'),
(808, '2024-09-27', 8, 0, '2024-09-26 07:58:40', '2024-09-26 07:58:40'),
(809, '2024-09-27', 9, 0, '2024-09-26 07:58:40', '2024-09-26 07:58:40'),
(810, '2024-09-27', 10, 0, '2024-09-26 07:58:40', '2024-09-26 07:58:40'),
(811, '2024-09-27', 11, 0, '2024-09-26 07:58:40', '2024-09-26 07:58:40'),
(812, '2024-09-27', 12, 0, '2024-09-26 07:58:40', '2024-09-26 07:58:40'),
(813, '2024-09-27', 13, 0, '2024-09-26 07:58:40', '2024-09-26 07:58:40'),
(814, '2024-09-27', 14, 1, '2024-09-26 07:58:40', '2024-09-26 13:57:29'),
(815, '2024-09-27', 15, 0, '2024-09-26 07:58:40', '2024-09-26 07:58:40'),
(816, '2024-09-27', 16, 0, '2024-09-26 07:58:40', '2024-09-26 07:58:40'),
(817, '2024-09-27', 17, 0, '2024-09-26 07:58:40', '2024-09-26 07:58:40'),
(818, '2024-09-27', 18, 0, '2024-09-26 07:58:40', '2024-09-26 07:58:40'),
(819, '2024-09-27', 19, 0, '2024-09-26 07:58:40', '2024-09-26 07:58:40'),
(820, '2024-09-27', 20, 0, '2024-09-26 07:58:40', '2024-09-26 07:58:40'),
(821, '2024-09-27', 21, 0, '2024-09-26 07:58:40', '2024-09-26 07:58:40'),
(822, '2024-09-27', 22, 0, '2024-09-26 07:58:40', '2024-09-26 07:58:40'),
(823, '2024-09-27', 23, 0, '2024-09-26 07:58:40', '2024-09-26 07:58:40'),
(824, '2024-09-27', 24, 0, '2024-09-26 07:58:40', '2024-09-26 07:58:40'),
(825, '2024-09-27', 25, 0, '2024-09-26 07:58:40', '2024-09-26 07:58:40'),
(826, '2024-09-27', 26, 0, '2024-09-26 07:58:40', '2024-09-26 07:58:40'),
(827, '2024-09-27', 27, 0, '2024-09-26 07:58:40', '2024-09-26 07:58:40'),
(828, '2024-09-27', 28, 0, '2024-09-26 07:58:40', '2024-09-26 07:58:40'),
(829, '2024-09-27', 29, 0, '2024-09-26 07:58:40', '2024-09-26 07:58:40'),
(830, '2024-09-27', 30, 0, '2024-09-26 07:58:40', '2024-09-26 07:58:40'),
(831, '2024-09-27', 31, 0, '2024-09-26 07:58:40', '2024-09-26 07:58:40'),
(832, '2024-09-27', 32, 0, '2024-09-26 07:58:40', '2024-09-26 07:58:40'),
(833, '2024-09-27', 33, 0, '2024-09-26 07:58:40', '2024-09-26 07:58:40'),
(834, '2024-09-27', 34, 0, '2024-09-26 07:58:40', '2024-09-26 07:58:40'),
(835, '2024-09-27', 35, 0, '2024-09-26 07:58:40', '2024-09-26 07:58:40'),
(836, '2024-09-27', 36, 0, '2024-09-26 07:58:40', '2024-09-26 07:58:40'),
(837, '2024-09-27', 37, 0, '2024-09-26 07:58:40', '2024-09-26 07:58:40'),
(838, '2024-09-27', 38, 0, '2024-09-26 07:58:40', '2024-09-26 07:58:40'),
(839, '2024-09-27', 39, 0, '2024-09-26 07:58:40', '2024-09-26 07:58:40'),
(840, '2024-09-27', 40, 0, '2024-09-26 07:58:40', '2024-09-26 07:58:40'),
(841, '2024-09-27', 41, 0, '2024-09-26 07:58:40', '2024-09-26 07:58:40'),
(842, '2024-09-27', 42, 0, '2024-09-26 07:58:40', '2024-09-26 07:58:40'),
(843, '2024-09-27', 43, 0, '2024-09-26 07:58:40', '2024-09-26 07:58:40'),
(844, '2024-09-27', 44, 0, '2024-09-26 07:58:40', '2024-09-26 07:58:40'),
(845, '2024-09-27', 45, 0, '2024-09-26 07:58:40', '2024-09-26 07:58:40'),
(846, '2024-09-27', 46, 0, '2024-09-26 07:58:40', '2024-09-26 07:58:40'),
(847, '2024-09-27', 47, 0, '2024-09-26 07:58:40', '2024-09-26 07:58:40'),
(848, '2024-09-27', 48, 0, '2024-09-26 07:58:40', '2024-09-26 07:58:40'),
(849, '2024-09-27', 49, 0, '2024-09-26 07:58:40', '2024-09-26 07:58:40'),
(850, '2024-09-27', 50, 0, '2024-09-26 07:58:40', '2024-09-26 07:58:40'),
(851, '2024-09-30', 1, 1, '2024-09-26 07:58:40', '2024-09-26 22:30:30'),
(852, '2024-09-30', 2, 0, '2024-09-26 07:58:40', '2024-09-26 22:38:28'),
(853, '2024-09-30', 3, 0, '2024-09-26 07:58:40', '2024-09-27 01:50:31'),
(854, '2024-09-30', 4, 1, '2024-09-26 07:58:40', '2024-09-26 15:21:16'),
(855, '2024-09-30', 5, 1, '2024-09-26 07:58:40', '2024-09-26 09:47:57'),
(856, '2024-09-30', 6, 1, '2024-09-26 07:58:40', '2024-09-26 09:46:16'),
(857, '2024-09-30', 7, 1, '2024-09-26 07:58:40', '2024-09-26 21:41:49'),
(858, '2024-09-30', 8, 0, '2024-09-26 07:58:40', '2024-09-26 07:58:40'),
(859, '2024-09-30', 9, 0, '2024-09-26 07:58:40', '2024-09-26 07:58:40'),
(860, '2024-09-30', 10, 0, '2024-09-26 07:58:40', '2024-09-26 07:58:40'),
(861, '2024-09-30', 11, 0, '2024-09-26 07:58:40', '2024-09-26 07:58:40'),
(862, '2024-09-30', 12, 0, '2024-09-26 07:58:40', '2024-09-26 07:58:40'),
(863, '2024-09-30', 13, 1, '2024-09-26 07:58:40', '2024-09-26 09:50:23'),
(864, '2024-09-30', 14, 1, '2024-09-26 07:58:40', '2024-09-26 20:59:04'),
(865, '2024-09-30', 15, 1, '2024-09-26 07:58:40', '2024-09-26 21:14:39'),
(866, '2024-09-30', 16, 0, '2024-09-26 07:58:40', '2024-09-26 07:58:40'),
(867, '2024-09-30', 17, 0, '2024-09-26 07:58:40', '2024-09-26 07:58:40'),
(868, '2024-09-30', 18, 0, '2024-09-26 07:58:40', '2024-09-26 07:58:40'),
(869, '2024-09-30', 19, 0, '2024-09-26 07:58:40', '2024-09-26 07:58:40'),
(870, '2024-09-30', 20, 0, '2024-09-26 07:58:40', '2024-09-26 07:58:40'),
(871, '2024-09-30', 21, 0, '2024-09-26 07:58:40', '2024-09-26 07:58:40'),
(872, '2024-09-30', 22, 0, '2024-09-26 07:58:40', '2024-09-26 07:58:40'),
(873, '2024-09-30', 23, 0, '2024-09-26 07:58:40', '2024-09-26 07:58:40'),
(874, '2024-09-30', 24, 1, '2024-09-26 07:58:40', '2024-09-26 15:42:03'),
(875, '2024-09-30', 25, 1, '2024-09-26 07:58:40', '2024-09-26 20:35:50'),
(876, '2024-09-30', 26, 0, '2024-09-26 07:58:40', '2024-09-26 07:58:40'),
(877, '2024-09-30', 27, 0, '2024-09-26 07:58:40', '2024-09-26 07:58:40'),
(878, '2024-09-30', 28, 0, '2024-09-26 07:58:40', '2024-09-26 07:58:40'),
(879, '2024-09-30', 29, 0, '2024-09-26 07:58:40', '2024-09-26 07:58:40'),
(880, '2024-09-30', 30, 0, '2024-09-26 07:58:40', '2024-09-26 07:58:40'),
(881, '2024-09-30', 31, 0, '2024-09-26 07:58:40', '2024-09-26 07:58:40'),
(882, '2024-09-30', 32, 0, '2024-09-26 07:58:40', '2024-09-26 07:58:40'),
(883, '2024-09-30', 33, 0, '2024-09-26 07:58:40', '2024-09-26 07:58:40'),
(884, '2024-09-30', 34, 0, '2024-09-26 07:58:40', '2024-09-26 07:58:40'),
(885, '2024-09-30', 35, 0, '2024-09-26 07:58:40', '2024-09-26 07:58:40'),
(886, '2024-09-30', 36, 0, '2024-09-26 07:58:40', '2024-09-26 07:58:40'),
(887, '2024-09-30', 37, 0, '2024-09-26 07:58:40', '2024-09-26 07:58:40'),
(888, '2024-09-30', 38, 0, '2024-09-26 07:58:40', '2024-09-26 07:58:40'),
(889, '2024-09-30', 39, 0, '2024-09-26 07:58:40', '2024-09-26 07:58:40'),
(890, '2024-09-30', 40, 0, '2024-09-26 07:58:40', '2024-09-26 07:58:40'),
(891, '2024-09-30', 41, 0, '2024-09-26 07:58:40', '2024-09-26 07:58:40'),
(892, '2024-09-30', 42, 0, '2024-09-26 07:58:40', '2024-09-26 07:58:40'),
(893, '2024-09-30', 43, 0, '2024-09-26 07:58:40', '2024-09-26 07:58:40'),
(894, '2024-09-30', 44, 0, '2024-09-26 07:58:40', '2024-09-26 07:58:40'),
(895, '2024-09-30', 45, 0, '2024-09-26 07:58:40', '2024-09-26 07:58:40'),
(896, '2024-09-30', 46, 0, '2024-09-26 07:58:40', '2024-09-26 07:58:40'),
(897, '2024-09-30', 47, 0, '2024-09-26 07:58:40', '2024-09-26 07:58:40'),
(898, '2024-09-30', 48, 0, '2024-09-26 07:58:40', '2024-09-26 07:58:40'),
(899, '2024-09-30', 49, 0, '2024-09-26 07:58:40', '2024-09-26 07:58:40'),
(900, '2024-09-30', 50, 0, '2024-09-26 07:58:40', '2024-09-26 07:58:40'),
(901, '2024-10-01', 1, 1, '2024-09-26 07:58:40', '2024-09-26 22:32:59'),
(902, '2024-10-01', 2, 1, '2024-09-26 07:58:40', '2024-09-26 22:38:45'),
(903, '2024-10-01', 3, 0, '2024-09-26 07:58:40', '2024-09-26 07:58:40'),
(904, '2024-10-01', 4, 1, '2024-09-26 07:58:40', '2024-09-26 08:48:39'),
(905, '2024-10-01', 5, 0, '2024-09-26 07:58:40', '2024-09-26 07:58:40'),
(906, '2024-10-01', 6, 0, '2024-09-26 07:58:40', '2024-09-26 07:58:40'),
(907, '2024-10-01', 7, 0, '2024-09-26 07:58:40', '2024-09-26 07:58:40'),
(908, '2024-10-01', 8, 0, '2024-09-26 07:58:40', '2024-09-26 07:58:40'),
(909, '2024-10-01', 9, 0, '2024-09-26 07:58:40', '2024-09-26 07:58:40'),
(910, '2024-10-01', 10, 0, '2024-09-26 07:58:40', '2024-09-26 07:58:40'),
(911, '2024-10-01', 11, 0, '2024-09-26 07:58:40', '2024-09-26 07:58:40'),
(912, '2024-10-01', 12, 0, '2024-09-26 07:58:40', '2024-09-26 07:58:40'),
(913, '2024-10-01', 13, 0, '2024-09-26 07:58:40', '2024-09-26 07:58:40'),
(914, '2024-10-01', 14, 0, '2024-09-26 07:58:40', '2024-09-26 07:58:40'),
(915, '2024-10-01', 15, 0, '2024-09-26 07:58:40', '2024-09-26 07:58:40'),
(916, '2024-10-01', 16, 0, '2024-09-26 07:58:40', '2024-09-26 07:58:40'),
(917, '2024-10-01', 17, 0, '2024-09-26 07:58:40', '2024-09-26 07:58:40'),
(918, '2024-10-01', 18, 0, '2024-09-26 07:58:40', '2024-09-26 07:58:40'),
(919, '2024-10-01', 19, 0, '2024-09-26 07:58:40', '2024-09-26 07:58:40'),
(920, '2024-10-01', 20, 0, '2024-09-26 07:58:40', '2024-09-26 07:58:40'),
(921, '2024-10-01', 21, 0, '2024-09-26 07:58:40', '2024-09-26 07:58:40'),
(922, '2024-10-01', 22, 0, '2024-09-26 07:58:40', '2024-09-26 07:58:40'),
(923, '2024-10-01', 23, 0, '2024-09-26 07:58:40', '2024-09-26 07:58:40'),
(924, '2024-10-01', 24, 0, '2024-09-26 07:58:40', '2024-09-26 07:58:40'),
(925, '2024-10-01', 25, 0, '2024-09-26 07:58:40', '2024-09-26 07:58:40'),
(926, '2024-10-01', 26, 0, '2024-09-26 07:58:40', '2024-09-26 07:58:40'),
(927, '2024-10-01', 27, 0, '2024-09-26 07:58:40', '2024-09-26 07:58:40'),
(928, '2024-10-01', 28, 0, '2024-09-26 07:58:40', '2024-09-26 07:58:40'),
(929, '2024-10-01', 29, 0, '2024-09-26 07:58:40', '2024-09-26 07:58:40'),
(930, '2024-10-01', 30, 0, '2024-09-26 07:58:40', '2024-09-26 07:58:40'),
(931, '2024-10-01', 31, 0, '2024-09-26 07:58:40', '2024-09-26 07:58:40'),
(932, '2024-10-01', 32, 0, '2024-09-26 07:58:40', '2024-09-26 07:58:40'),
(933, '2024-10-01', 33, 0, '2024-09-26 07:58:40', '2024-09-26 07:58:40'),
(934, '2024-10-01', 34, 0, '2024-09-26 07:58:40', '2024-09-26 07:58:40'),
(935, '2024-10-01', 35, 0, '2024-09-26 07:58:40', '2024-09-26 07:58:40'),
(936, '2024-10-01', 36, 0, '2024-09-26 07:58:40', '2024-09-26 07:58:40'),
(937, '2024-10-01', 37, 0, '2024-09-26 07:58:40', '2024-09-26 07:58:40'),
(938, '2024-10-01', 38, 0, '2024-09-26 07:58:40', '2024-09-26 07:58:40'),
(939, '2024-10-01', 39, 0, '2024-09-26 07:58:40', '2024-09-26 07:58:40'),
(940, '2024-10-01', 40, 0, '2024-09-26 07:58:40', '2024-09-26 07:58:40'),
(941, '2024-10-01', 41, 0, '2024-09-26 07:58:40', '2024-09-26 07:58:40'),
(942, '2024-10-01', 42, 0, '2024-09-26 07:58:40', '2024-09-26 07:58:40'),
(943, '2024-10-01', 43, 0, '2024-09-26 07:58:40', '2024-09-26 07:58:40'),
(944, '2024-10-01', 44, 0, '2024-09-26 07:58:40', '2024-09-26 07:58:40'),
(945, '2024-10-01', 45, 0, '2024-09-26 07:58:40', '2024-09-26 07:58:40'),
(946, '2024-10-01', 46, 0, '2024-09-26 07:58:40', '2024-09-26 07:58:40'),
(947, '2024-10-01', 47, 0, '2024-09-26 07:58:40', '2024-09-26 07:58:40'),
(948, '2024-10-01', 48, 0, '2024-09-26 07:58:40', '2024-09-26 07:58:40'),
(949, '2024-10-01', 49, 0, '2024-09-26 07:58:40', '2024-09-26 07:58:40'),
(950, '2024-10-01', 50, 0, '2024-09-26 07:58:40', '2024-09-26 07:58:40'),
(951, '2024-10-02', 1, 1, '2024-09-26 07:58:40', '2024-10-01 00:12:26'),
(952, '2024-10-02', 2, 0, '2024-09-26 07:58:40', '2024-09-26 07:58:40'),
(953, '2024-10-02', 3, 0, '2024-09-26 07:58:40', '2024-09-26 07:58:40'),
(954, '2024-10-02', 4, 0, '2024-09-26 07:58:40', '2024-09-26 07:58:40'),
(955, '2024-10-02', 5, 0, '2024-09-26 07:58:40', '2024-09-26 07:58:40'),
(956, '2024-10-02', 6, 0, '2024-09-26 07:58:40', '2024-09-26 07:58:40'),
(957, '2024-10-02', 7, 0, '2024-09-26 07:58:40', '2024-09-26 07:58:40'),
(958, '2024-10-02', 8, 0, '2024-09-26 07:58:40', '2024-09-26 07:58:40'),
(959, '2024-10-02', 9, 0, '2024-09-26 07:58:40', '2024-09-26 07:58:40'),
(960, '2024-10-02', 10, 0, '2024-09-26 07:58:40', '2024-09-26 07:58:40'),
(961, '2024-10-02', 11, 0, '2024-09-26 07:58:40', '2024-09-26 07:58:40'),
(962, '2024-10-02', 12, 0, '2024-09-26 07:58:40', '2024-09-26 07:58:40'),
(963, '2024-10-02', 13, 0, '2024-09-26 07:58:40', '2024-09-26 07:58:40'),
(964, '2024-10-02', 14, 0, '2024-09-26 07:58:40', '2024-09-26 07:58:40'),
(965, '2024-10-02', 15, 0, '2024-09-26 07:58:40', '2024-09-26 07:58:40'),
(966, '2024-10-02', 16, 0, '2024-09-26 07:58:40', '2024-09-26 07:58:40'),
(967, '2024-10-02', 17, 0, '2024-09-26 07:58:40', '2024-09-26 07:58:40'),
(968, '2024-10-02', 18, 0, '2024-09-26 07:58:40', '2024-09-26 07:58:40'),
(969, '2024-10-02', 19, 0, '2024-09-26 07:58:40', '2024-09-26 07:58:40'),
(970, '2024-10-02', 20, 0, '2024-09-26 07:58:40', '2024-09-26 07:58:40'),
(971, '2024-10-02', 21, 0, '2024-09-26 07:58:40', '2024-09-26 07:58:40'),
(972, '2024-10-02', 22, 0, '2024-09-26 07:58:40', '2024-09-26 07:58:40'),
(973, '2024-10-02', 23, 0, '2024-09-26 07:58:40', '2024-09-26 07:58:40'),
(974, '2024-10-02', 24, 0, '2024-09-26 07:58:40', '2024-09-26 07:58:40'),
(975, '2024-10-02', 25, 0, '2024-09-26 07:58:40', '2024-09-26 07:58:40'),
(976, '2024-10-02', 26, 0, '2024-09-26 07:58:40', '2024-09-26 07:58:40'),
(977, '2024-10-02', 27, 0, '2024-09-26 07:58:40', '2024-09-26 07:58:40'),
(978, '2024-10-02', 28, 0, '2024-09-26 07:58:40', '2024-09-26 07:58:40'),
(979, '2024-10-02', 29, 0, '2024-09-26 07:58:40', '2024-09-26 07:58:40'),
(980, '2024-10-02', 30, 0, '2024-09-26 07:58:40', '2024-09-26 07:58:40'),
(981, '2024-10-02', 31, 0, '2024-09-26 07:58:40', '2024-09-26 07:58:40'),
(982, '2024-10-02', 32, 0, '2024-09-26 07:58:40', '2024-09-26 07:58:40'),
(983, '2024-10-02', 33, 0, '2024-09-26 07:58:40', '2024-09-26 07:58:40'),
(984, '2024-10-02', 34, 0, '2024-09-26 07:58:40', '2024-09-26 07:58:40'),
(985, '2024-10-02', 35, 0, '2024-09-26 07:58:40', '2024-09-26 07:58:40'),
(986, '2024-10-02', 36, 0, '2024-09-26 07:58:40', '2024-09-26 07:58:40'),
(987, '2024-10-02', 37, 0, '2024-09-26 07:58:40', '2024-09-26 07:58:40'),
(988, '2024-10-02', 38, 0, '2024-09-26 07:58:40', '2024-09-26 07:58:40'),
(989, '2024-10-02', 39, 0, '2024-09-26 07:58:40', '2024-09-26 07:58:40'),
(990, '2024-10-02', 40, 0, '2024-09-26 07:58:40', '2024-09-26 07:58:40'),
(991, '2024-10-02', 41, 0, '2024-09-26 07:58:40', '2024-09-26 07:58:40'),
(992, '2024-10-02', 42, 0, '2024-09-26 07:58:40', '2024-09-26 07:58:40'),
(993, '2024-10-02', 43, 0, '2024-09-26 07:58:40', '2024-09-26 07:58:40'),
(994, '2024-10-02', 44, 0, '2024-09-26 07:58:40', '2024-09-26 07:58:40'),
(995, '2024-10-02', 45, 0, '2024-09-26 07:58:40', '2024-09-26 07:58:40'),
(996, '2024-10-02', 46, 0, '2024-09-26 07:58:40', '2024-09-26 07:58:40'),
(997, '2024-10-02', 47, 0, '2024-09-26 07:58:40', '2024-09-26 07:58:40'),
(998, '2024-10-02', 48, 0, '2024-09-26 07:58:40', '2024-09-26 07:58:40'),
(999, '2024-10-02', 49, 0, '2024-09-26 07:58:40', '2024-09-26 07:58:40'),
(1000, '2024-10-02', 50, 0, '2024-09-26 07:58:40', '2024-09-26 07:58:40'),
(1001, '2024-10-03', 1, 0, '2024-09-26 07:58:40', '2024-09-26 07:58:40'),
(1002, '2024-10-03', 2, 0, '2024-09-26 07:58:40', '2024-10-01 22:28:28'),
(1003, '2024-10-03', 3, 0, '2024-09-26 07:58:40', '2024-09-26 07:58:40'),
(1004, '2024-10-03', 4, 0, '2024-09-26 07:58:40', '2024-09-26 07:58:40'),
(1005, '2024-10-03', 5, 0, '2024-09-26 07:58:40', '2024-10-01 22:22:54'),
(1006, '2024-10-03', 6, 0, '2024-09-26 07:58:40', '2024-09-26 07:58:40'),
(1007, '2024-10-03', 7, 0, '2024-09-26 07:58:40', '2024-09-26 07:58:40'),
(1008, '2024-10-03', 8, 0, '2024-09-26 07:58:40', '2024-09-26 07:58:40'),
(1009, '2024-10-03', 9, 0, '2024-09-26 07:58:40', '2024-09-26 07:58:40'),
(1010, '2024-10-03', 10, 0, '2024-09-26 07:58:40', '2024-09-26 07:58:40'),
(1011, '2024-10-03', 11, 0, '2024-09-26 07:58:40', '2024-09-26 07:58:40'),
(1012, '2024-10-03', 12, 0, '2024-09-26 07:58:40', '2024-09-26 07:58:40'),
(1013, '2024-10-03', 13, 0, '2024-09-26 07:58:40', '2024-09-26 07:58:40'),
(1014, '2024-10-03', 14, 0, '2024-09-26 07:58:40', '2024-09-26 07:58:40'),
(1015, '2024-10-03', 15, 0, '2024-09-26 07:58:40', '2024-09-26 07:58:40'),
(1016, '2024-10-03', 16, 0, '2024-09-26 07:58:40', '2024-09-26 07:58:40'),
(1017, '2024-10-03', 17, 0, '2024-09-26 07:58:40', '2024-09-26 07:58:40'),
(1018, '2024-10-03', 18, 0, '2024-09-26 07:58:40', '2024-09-26 07:58:40'),
(1019, '2024-10-03', 19, 0, '2024-09-26 07:58:40', '2024-09-26 07:58:40'),
(1020, '2024-10-03', 20, 0, '2024-09-26 07:58:40', '2024-09-26 07:58:40'),
(1021, '2024-10-03', 21, 0, '2024-09-26 07:58:40', '2024-09-26 07:58:40'),
(1022, '2024-10-03', 22, 0, '2024-09-26 07:58:40', '2024-09-26 07:58:40'),
(1023, '2024-10-03', 23, 0, '2024-09-26 07:58:40', '2024-09-26 07:58:40'),
(1024, '2024-10-03', 24, 0, '2024-09-26 07:58:40', '2024-09-26 07:58:40'),
(1025, '2024-10-03', 25, 0, '2024-09-26 07:58:40', '2024-09-26 07:58:40'),
(1026, '2024-10-03', 26, 0, '2024-09-26 07:58:40', '2024-09-26 07:58:40'),
(1027, '2024-10-03', 27, 0, '2024-09-26 07:58:40', '2024-09-26 07:58:40'),
(1028, '2024-10-03', 28, 0, '2024-09-26 07:58:40', '2024-09-26 07:58:40'),
(1029, '2024-10-03', 29, 0, '2024-09-26 07:58:40', '2024-09-26 07:58:40'),
(1030, '2024-10-03', 30, 0, '2024-09-26 07:58:40', '2024-09-26 07:58:40'),
(1031, '2024-10-03', 31, 0, '2024-09-26 07:58:40', '2024-09-26 07:58:40'),
(1032, '2024-10-03', 32, 0, '2024-09-26 07:58:40', '2024-09-26 07:58:40'),
(1033, '2024-10-03', 33, 0, '2024-09-26 07:58:40', '2024-09-26 07:58:40'),
(1034, '2024-10-03', 34, 0, '2024-09-26 07:58:40', '2024-09-26 07:58:40'),
(1035, '2024-10-03', 35, 0, '2024-09-26 07:58:40', '2024-09-26 07:58:40'),
(1036, '2024-10-03', 36, 0, '2024-09-26 07:58:40', '2024-09-26 07:58:40'),
(1037, '2024-10-03', 37, 0, '2024-09-26 07:58:40', '2024-09-26 07:58:40'),
(1038, '2024-10-03', 38, 0, '2024-09-26 07:58:40', '2024-09-26 07:58:40'),
(1039, '2024-10-03', 39, 0, '2024-09-26 07:58:40', '2024-09-26 07:58:40'),
(1040, '2024-10-03', 40, 0, '2024-09-26 07:58:40', '2024-09-26 07:58:40'),
(1041, '2024-10-03', 41, 0, '2024-09-26 07:58:40', '2024-09-26 07:58:40'),
(1042, '2024-10-03', 42, 0, '2024-09-26 07:58:40', '2024-09-26 07:58:40'),
(1043, '2024-10-03', 43, 0, '2024-09-26 07:58:40', '2024-09-26 07:58:40'),
(1044, '2024-10-03', 44, 0, '2024-09-26 07:58:40', '2024-09-26 07:58:40'),
(1045, '2024-10-03', 45, 0, '2024-09-26 07:58:40', '2024-09-26 07:58:40'),
(1046, '2024-10-03', 46, 0, '2024-09-26 07:58:40', '2024-09-26 07:58:40'),
(1047, '2024-10-03', 47, 0, '2024-09-26 07:58:40', '2024-09-26 07:58:40'),
(1048, '2024-10-03', 48, 0, '2024-09-26 07:58:40', '2024-09-26 07:58:40'),
(1049, '2024-10-03', 49, 0, '2024-09-26 07:58:40', '2024-09-26 07:58:40'),
(1050, '2024-10-03', 50, 0, '2024-09-26 07:58:40', '2024-09-26 07:58:40'),
(1051, '2024-10-04', 1, 0, '2024-09-26 07:58:40', '2024-09-26 07:58:40'),
(1052, '2024-10-04', 2, 0, '2024-09-26 07:58:40', '2024-09-26 07:58:40'),
(1053, '2024-10-04', 3, 0, '2024-09-26 07:58:40', '2024-09-26 07:58:40'),
(1054, '2024-10-04', 4, 0, '2024-09-26 07:58:40', '2024-09-26 07:58:40'),
(1055, '2024-10-04', 5, 0, '2024-09-26 07:58:40', '2024-09-26 07:58:40'),
(1056, '2024-10-04', 6, 0, '2024-09-26 07:58:40', '2024-09-26 07:58:40'),
(1057, '2024-10-04', 7, 0, '2024-09-26 07:58:40', '2024-09-26 07:58:40'),
(1058, '2024-10-04', 8, 0, '2024-09-26 07:58:40', '2024-09-26 07:58:40'),
(1059, '2024-10-04', 9, 0, '2024-09-26 07:58:40', '2024-09-26 07:58:40'),
(1060, '2024-10-04', 10, 0, '2024-09-26 07:58:40', '2024-09-26 07:58:40'),
(1061, '2024-10-04', 11, 0, '2024-09-26 07:58:40', '2024-09-26 07:58:40'),
(1062, '2024-10-04', 12, 0, '2024-09-26 07:58:40', '2024-09-26 07:58:40'),
(1063, '2024-10-04', 13, 0, '2024-09-26 07:58:40', '2024-09-26 07:58:40'),
(1064, '2024-10-04', 14, 0, '2024-09-26 07:58:40', '2024-09-26 07:58:40'),
(1065, '2024-10-04', 15, 0, '2024-09-26 07:58:40', '2024-09-26 07:58:40'),
(1066, '2024-10-04', 16, 0, '2024-09-26 07:58:40', '2024-09-26 07:58:40'),
(1067, '2024-10-04', 17, 0, '2024-09-26 07:58:40', '2024-09-26 07:58:40'),
(1068, '2024-10-04', 18, 0, '2024-09-26 07:58:40', '2024-09-26 07:58:40'),
(1069, '2024-10-04', 19, 0, '2024-09-26 07:58:40', '2024-09-26 07:58:40'),
(1070, '2024-10-04', 20, 0, '2024-09-26 07:58:40', '2024-09-26 07:58:40'),
(1071, '2024-10-04', 21, 0, '2024-09-26 07:58:40', '2024-09-26 07:58:40'),
(1072, '2024-10-04', 22, 0, '2024-09-26 07:58:40', '2024-09-26 07:58:40'),
(1073, '2024-10-04', 23, 0, '2024-09-26 07:58:40', '2024-09-26 07:58:40'),
(1074, '2024-10-04', 24, 0, '2024-09-26 07:58:40', '2024-09-26 07:58:40'),
(1075, '2024-10-04', 25, 0, '2024-09-26 07:58:40', '2024-09-26 07:58:40'),
(1076, '2024-10-04', 26, 0, '2024-09-26 07:58:40', '2024-09-26 07:58:40'),
(1077, '2024-10-04', 27, 0, '2024-09-26 07:58:40', '2024-09-26 07:58:40'),
(1078, '2024-10-04', 28, 0, '2024-09-26 07:58:40', '2024-09-26 07:58:40'),
(1079, '2024-10-04', 29, 0, '2024-09-26 07:58:40', '2024-09-26 07:58:40'),
(1080, '2024-10-04', 30, 0, '2024-09-26 07:58:40', '2024-09-26 07:58:40'),
(1081, '2024-10-04', 31, 0, '2024-09-26 07:58:40', '2024-09-26 07:58:40'),
(1082, '2024-10-04', 32, 0, '2024-09-26 07:58:40', '2024-09-26 07:58:40'),
(1083, '2024-10-04', 33, 0, '2024-09-26 07:58:40', '2024-09-26 07:58:40'),
(1084, '2024-10-04', 34, 0, '2024-09-26 07:58:40', '2024-09-26 07:58:40'),
(1085, '2024-10-04', 35, 0, '2024-09-26 07:58:40', '2024-09-26 07:58:40'),
(1086, '2024-10-04', 36, 0, '2024-09-26 07:58:40', '2024-09-26 07:58:40'),
(1087, '2024-10-04', 37, 0, '2024-09-26 07:58:40', '2024-09-26 07:58:40'),
(1088, '2024-10-04', 38, 0, '2024-09-26 07:58:40', '2024-09-26 07:58:40'),
(1089, '2024-10-04', 39, 0, '2024-09-26 07:58:40', '2024-09-26 07:58:40'),
(1090, '2024-10-04', 40, 0, '2024-09-26 07:58:40', '2024-09-26 07:58:40'),
(1091, '2024-10-04', 41, 0, '2024-09-26 07:58:40', '2024-09-26 07:58:40'),
(1092, '2024-10-04', 42, 0, '2024-09-26 07:58:40', '2024-09-26 07:58:40'),
(1093, '2024-10-04', 43, 0, '2024-09-26 07:58:40', '2024-09-26 07:58:40'),
(1094, '2024-10-04', 44, 0, '2024-09-26 07:58:40', '2024-09-26 07:58:40'),
(1095, '2024-10-04', 45, 0, '2024-09-26 07:58:40', '2024-09-26 07:58:40'),
(1096, '2024-10-04', 46, 0, '2024-09-26 07:58:40', '2024-09-26 07:58:40'),
(1097, '2024-10-04', 47, 0, '2024-09-26 07:58:40', '2024-09-26 07:58:40'),
(1098, '2024-10-04', 48, 0, '2024-09-26 07:58:40', '2024-09-26 07:58:40'),
(1099, '2024-10-04', 49, 0, '2024-09-26 07:58:40', '2024-09-26 07:58:40'),
(1100, '2024-10-04', 50, 0, '2024-09-26 07:58:40', '2024-09-26 07:58:40'),
(1101, '2024-10-07', 1, 0, '2024-09-26 07:58:40', '2024-09-26 07:58:40'),
(1102, '2024-10-07', 2, 0, '2024-09-26 07:58:40', '2024-09-26 07:58:40'),
(1103, '2024-10-07', 3, 0, '2024-09-26 07:58:40', '2024-09-26 07:58:40'),
(1104, '2024-10-07', 4, 0, '2024-09-26 07:58:40', '2024-09-26 07:58:40'),
(1105, '2024-10-07', 5, 0, '2024-09-26 07:58:40', '2024-09-26 07:58:40'),
(1106, '2024-10-07', 6, 0, '2024-09-26 07:58:40', '2024-09-26 07:58:40'),
(1107, '2024-10-07', 7, 0, '2024-09-26 07:58:40', '2024-09-26 07:58:40'),
(1108, '2024-10-07', 8, 0, '2024-09-26 07:58:40', '2024-09-26 07:58:40'),
(1109, '2024-10-07', 9, 0, '2024-09-26 07:58:40', '2024-09-26 07:58:40'),
(1110, '2024-10-07', 10, 0, '2024-09-26 07:58:40', '2024-09-26 07:58:40'),
(1111, '2024-10-07', 11, 0, '2024-09-26 07:58:40', '2024-09-26 07:58:40'),
(1112, '2024-10-07', 12, 0, '2024-09-26 07:58:40', '2024-09-26 07:58:40'),
(1113, '2024-10-07', 13, 0, '2024-09-26 07:58:40', '2024-09-26 07:58:40'),
(1114, '2024-10-07', 14, 0, '2024-09-26 07:58:40', '2024-09-26 07:58:40'),
(1115, '2024-10-07', 15, 0, '2024-09-26 07:58:40', '2024-09-26 07:58:40'),
(1116, '2024-10-07', 16, 0, '2024-09-26 07:58:40', '2024-09-26 07:58:40'),
(1117, '2024-10-07', 17, 0, '2024-09-26 07:58:40', '2024-09-26 07:58:40'),
(1118, '2024-10-07', 18, 0, '2024-09-26 07:58:40', '2024-09-26 07:58:40'),
(1119, '2024-10-07', 19, 0, '2024-09-26 07:58:40', '2024-09-26 07:58:40'),
(1120, '2024-10-07', 20, 0, '2024-09-26 07:58:40', '2024-09-26 07:58:40'),
(1121, '2024-10-07', 21, 0, '2024-09-26 07:58:40', '2024-09-26 07:58:40'),
(1122, '2024-10-07', 22, 0, '2024-09-26 07:58:40', '2024-09-26 07:58:40'),
(1123, '2024-10-07', 23, 0, '2024-09-26 07:58:40', '2024-09-26 07:58:40'),
(1124, '2024-10-07', 24, 0, '2024-09-26 07:58:40', '2024-09-26 07:58:40'),
(1125, '2024-10-07', 25, 0, '2024-09-26 07:58:40', '2024-09-26 07:58:40'),
(1126, '2024-10-07', 26, 0, '2024-09-26 07:58:40', '2024-09-26 07:58:40'),
(1127, '2024-10-07', 27, 0, '2024-09-26 07:58:40', '2024-09-26 07:58:40'),
(1128, '2024-10-07', 28, 0, '2024-09-26 07:58:40', '2024-09-26 07:58:40'),
(1129, '2024-10-07', 29, 0, '2024-09-26 07:58:40', '2024-09-26 07:58:40'),
(1130, '2024-10-07', 30, 0, '2024-09-26 07:58:40', '2024-09-26 07:58:40'),
(1131, '2024-10-07', 31, 0, '2024-09-26 07:58:40', '2024-09-26 07:58:40'),
(1132, '2024-10-07', 32, 0, '2024-09-26 07:58:40', '2024-09-26 07:58:40'),
(1133, '2024-10-07', 33, 0, '2024-09-26 07:58:40', '2024-09-26 07:58:40'),
(1134, '2024-10-07', 34, 0, '2024-09-26 07:58:40', '2024-09-26 07:58:40'),
(1135, '2024-10-07', 35, 0, '2024-09-26 07:58:40', '2024-09-26 07:58:40'),
(1136, '2024-10-07', 36, 0, '2024-09-26 07:58:40', '2024-09-26 07:58:40'),
(1137, '2024-10-07', 37, 0, '2024-09-26 07:58:40', '2024-09-26 07:58:40'),
(1138, '2024-10-07', 38, 0, '2024-09-26 07:58:40', '2024-09-26 07:58:40'),
(1139, '2024-10-07', 39, 0, '2024-09-26 07:58:40', '2024-09-26 07:58:40'),
(1140, '2024-10-07', 40, 0, '2024-09-26 07:58:40', '2024-09-26 07:58:40'),
(1141, '2024-10-07', 41, 0, '2024-09-26 07:58:40', '2024-09-26 07:58:40'),
(1142, '2024-10-07', 42, 0, '2024-09-26 07:58:40', '2024-09-26 07:58:40'),
(1143, '2024-10-07', 43, 0, '2024-09-26 07:58:40', '2024-09-26 07:58:40'),
(1144, '2024-10-07', 44, 0, '2024-09-26 07:58:40', '2024-09-26 07:58:40'),
(1145, '2024-10-07', 45, 0, '2024-09-26 07:58:40', '2024-09-26 07:58:40'),
(1146, '2024-10-07', 46, 0, '2024-09-26 07:58:40', '2024-09-26 07:58:40'),
(1147, '2024-10-07', 47, 0, '2024-09-26 07:58:40', '2024-09-26 07:58:40'),
(1148, '2024-10-07', 48, 0, '2024-09-26 07:58:40', '2024-09-26 07:58:40'),
(1149, '2024-10-07', 49, 0, '2024-09-26 07:58:40', '2024-09-26 07:58:40'),
(1150, '2024-10-07', 50, 0, '2024-09-26 07:58:40', '2024-09-26 07:58:40'),
(1151, '2024-10-08', 1, 0, '2024-09-26 07:58:40', '2024-09-26 07:58:40'),
(1152, '2024-10-08', 2, 0, '2024-09-26 07:58:40', '2024-10-01 15:48:54'),
(1153, '2024-10-08', 3, 0, '2024-09-26 07:58:40', '2024-09-26 07:58:40'),
(1154, '2024-10-08', 4, 0, '2024-09-26 07:58:40', '2024-09-26 07:58:40'),
(1155, '2024-10-08', 5, 0, '2024-09-26 07:58:40', '2024-09-26 07:58:40'),
(1156, '2024-10-08', 6, 0, '2024-09-26 07:58:40', '2024-09-26 07:58:40'),
(1157, '2024-10-08', 7, 0, '2024-09-26 07:58:40', '2024-09-26 07:58:40'),
(1158, '2024-10-08', 8, 0, '2024-09-26 07:58:40', '2024-09-26 07:58:40'),
(1159, '2024-10-08', 9, 0, '2024-09-26 07:58:40', '2024-09-26 07:58:40'),
(1160, '2024-10-08', 10, 0, '2024-09-26 07:58:40', '2024-09-26 07:58:40'),
(1161, '2024-10-08', 11, 0, '2024-09-26 07:58:40', '2024-09-26 07:58:40'),
(1162, '2024-10-08', 12, 0, '2024-09-26 07:58:40', '2024-09-26 07:58:40'),
(1163, '2024-10-08', 13, 0, '2024-09-26 07:58:40', '2024-09-26 07:58:40'),
(1164, '2024-10-08', 14, 0, '2024-09-26 07:58:40', '2024-09-26 07:58:40'),
(1165, '2024-10-08', 15, 0, '2024-09-26 07:58:40', '2024-09-26 07:58:40'),
(1166, '2024-10-08', 16, 0, '2024-09-26 07:58:40', '2024-09-26 07:58:40'),
(1167, '2024-10-08', 17, 0, '2024-09-26 07:58:40', '2024-09-26 07:58:40'),
(1168, '2024-10-08', 18, 0, '2024-09-26 07:58:40', '2024-09-26 07:58:40'),
(1169, '2024-10-08', 19, 0, '2024-09-26 07:58:40', '2024-09-26 07:58:40'),
(1170, '2024-10-08', 20, 0, '2024-09-26 07:58:40', '2024-09-26 07:58:40'),
(1171, '2024-10-08', 21, 0, '2024-09-26 07:58:40', '2024-09-26 07:58:40'),
(1172, '2024-10-08', 22, 0, '2024-09-26 07:58:40', '2024-09-26 07:58:40'),
(1173, '2024-10-08', 23, 0, '2024-09-26 07:58:40', '2024-09-26 07:58:40'),
(1174, '2024-10-08', 24, 0, '2024-09-26 07:58:40', '2024-09-26 07:58:40'),
(1175, '2024-10-08', 25, 0, '2024-09-26 07:58:40', '2024-09-26 07:58:40'),
(1176, '2024-10-08', 26, 0, '2024-09-26 07:58:40', '2024-09-26 07:58:40'),
(1177, '2024-10-08', 27, 0, '2024-09-26 07:58:40', '2024-09-26 07:58:40'),
(1178, '2024-10-08', 28, 0, '2024-09-26 07:58:40', '2024-09-26 07:58:40'),
(1179, '2024-10-08', 29, 0, '2024-09-26 07:58:40', '2024-09-26 07:58:40'),
(1180, '2024-10-08', 30, 0, '2024-09-26 07:58:40', '2024-09-26 07:58:40'),
(1181, '2024-10-08', 31, 0, '2024-09-26 07:58:40', '2024-09-26 07:58:40'),
(1182, '2024-10-08', 32, 0, '2024-09-26 07:58:40', '2024-09-26 07:58:40'),
(1183, '2024-10-08', 33, 0, '2024-09-26 07:58:40', '2024-09-26 07:58:40'),
(1184, '2024-10-08', 34, 0, '2024-09-26 07:58:40', '2024-09-26 07:58:40'),
(1185, '2024-10-08', 35, 0, '2024-09-26 07:58:40', '2024-09-26 07:58:40'),
(1186, '2024-10-08', 36, 0, '2024-09-26 07:58:40', '2024-09-26 07:58:40'),
(1187, '2024-10-08', 37, 0, '2024-09-26 07:58:40', '2024-09-26 07:58:40'),
(1188, '2024-10-08', 38, 0, '2024-09-26 07:58:40', '2024-09-26 07:58:40'),
(1189, '2024-10-08', 39, 0, '2024-09-26 07:58:40', '2024-09-26 07:58:40'),
(1190, '2024-10-08', 40, 0, '2024-09-26 07:58:40', '2024-09-26 07:58:40'),
(1191, '2024-10-08', 41, 0, '2024-09-26 07:58:40', '2024-09-26 07:58:40'),
(1192, '2024-10-08', 42, 0, '2024-09-26 07:58:40', '2024-09-26 07:58:40'),
(1193, '2024-10-08', 43, 0, '2024-09-26 07:58:40', '2024-09-26 07:58:40'),
(1194, '2024-10-08', 44, 0, '2024-09-26 07:58:40', '2024-09-26 07:58:40'),
(1195, '2024-10-08', 45, 0, '2024-09-26 07:58:40', '2024-09-26 07:58:40'),
(1196, '2024-10-08', 46, 0, '2024-09-26 07:58:40', '2024-09-26 07:58:40'),
(1197, '2024-10-08', 47, 0, '2024-09-26 07:58:40', '2024-09-26 07:58:40'),
(1198, '2024-10-08', 48, 0, '2024-09-26 07:58:40', '2024-09-26 07:58:40'),
(1199, '2024-10-08', 49, 0, '2024-09-26 07:58:40', '2024-09-26 07:58:40'),
(1200, '2024-10-08', 50, 0, '2024-09-26 07:58:40', '2024-09-26 07:58:40'),
(1201, '2024-10-09', 1, 0, '2024-09-26 07:58:40', '2024-09-26 07:58:40'),
(1202, '2024-10-09', 2, 0, '2024-09-26 07:58:40', '2024-09-26 07:58:40'),
(1203, '2024-10-09', 3, 0, '2024-09-26 07:58:40', '2024-10-01 15:48:46'),
(1204, '2024-10-09', 4, 0, '2024-09-26 07:58:40', '2024-09-26 07:58:40'),
(1205, '2024-10-09', 5, 0, '2024-09-26 07:58:40', '2024-09-26 07:58:40'),
(1206, '2024-10-09', 6, 0, '2024-09-26 07:58:40', '2024-09-26 07:58:40'),
(1207, '2024-10-09', 7, 0, '2024-09-26 07:58:40', '2024-09-26 07:58:40'),
(1208, '2024-10-09', 8, 0, '2024-09-26 07:58:40', '2024-09-26 07:58:40'),
(1209, '2024-10-09', 9, 0, '2024-09-26 07:58:40', '2024-09-26 07:58:40'),
(1210, '2024-10-09', 10, 0, '2024-09-26 07:58:40', '2024-09-26 07:58:40'),
(1211, '2024-10-09', 11, 0, '2024-09-26 07:58:40', '2024-09-26 07:58:40'),
(1212, '2024-10-09', 12, 0, '2024-09-26 07:58:40', '2024-09-26 07:58:40'),
(1213, '2024-10-09', 13, 0, '2024-09-26 07:58:40', '2024-09-26 07:58:40'),
(1214, '2024-10-09', 14, 0, '2024-09-26 07:58:40', '2024-09-26 07:58:40'),
(1215, '2024-10-09', 15, 0, '2024-09-26 07:58:40', '2024-09-26 07:58:40'),
(1216, '2024-10-09', 16, 0, '2024-09-26 07:58:40', '2024-09-26 07:58:40'),
(1217, '2024-10-09', 17, 0, '2024-09-26 07:58:40', '2024-09-26 07:58:40'),
(1218, '2024-10-09', 18, 0, '2024-09-26 07:58:40', '2024-09-26 07:58:40'),
(1219, '2024-10-09', 19, 0, '2024-09-26 07:58:40', '2024-09-26 07:58:40'),
(1220, '2024-10-09', 20, 0, '2024-09-26 07:58:40', '2024-09-26 07:58:40'),
(1221, '2024-10-09', 21, 0, '2024-09-26 07:58:40', '2024-09-26 07:58:40'),
(1222, '2024-10-09', 22, 0, '2024-09-26 07:58:40', '2024-09-26 07:58:40'),
(1223, '2024-10-09', 23, 0, '2024-09-26 07:58:40', '2024-09-26 07:58:40'),
(1224, '2024-10-09', 24, 0, '2024-09-26 07:58:40', '2024-09-26 07:58:40'),
(1225, '2024-10-09', 25, 0, '2024-09-26 07:58:40', '2024-09-26 07:58:40'),
(1226, '2024-10-09', 26, 0, '2024-09-26 07:58:40', '2024-09-26 07:58:40'),
(1227, '2024-10-09', 27, 0, '2024-09-26 07:58:40', '2024-09-26 07:58:40'),
(1228, '2024-10-09', 28, 0, '2024-09-26 07:58:40', '2024-09-26 07:58:40'),
(1229, '2024-10-09', 29, 0, '2024-09-26 07:58:40', '2024-09-26 07:58:40'),
(1230, '2024-10-09', 30, 0, '2024-09-26 07:58:40', '2024-09-26 07:58:40'),
(1231, '2024-10-09', 31, 0, '2024-09-26 07:58:40', '2024-09-26 07:58:40'),
(1232, '2024-10-09', 32, 0, '2024-09-26 07:58:40', '2024-09-26 07:58:40'),
(1233, '2024-10-09', 33, 0, '2024-09-26 07:58:40', '2024-09-26 07:58:40'),
(1234, '2024-10-09', 34, 0, '2024-09-26 07:58:40', '2024-09-26 07:58:40'),
(1235, '2024-10-09', 35, 0, '2024-09-26 07:58:40', '2024-09-26 07:58:40'),
(1236, '2024-10-09', 36, 0, '2024-09-26 07:58:40', '2024-09-26 07:58:40'),
(1237, '2024-10-09', 37, 0, '2024-09-26 07:58:40', '2024-09-26 07:58:40'),
(1238, '2024-10-09', 38, 0, '2024-09-26 07:58:40', '2024-09-26 07:58:40'),
(1239, '2024-10-09', 39, 0, '2024-09-26 07:58:40', '2024-09-26 07:58:40'),
(1240, '2024-10-09', 40, 0, '2024-09-26 07:58:40', '2024-09-26 07:58:40'),
(1241, '2024-10-09', 41, 0, '2024-09-26 07:58:40', '2024-09-26 07:58:40'),
(1242, '2024-10-09', 42, 0, '2024-09-26 07:58:40', '2024-09-26 07:58:40'),
(1243, '2024-10-09', 43, 0, '2024-09-26 07:58:40', '2024-09-26 07:58:40'),
(1244, '2024-10-09', 44, 0, '2024-09-26 07:58:40', '2024-09-26 07:58:40'),
(1245, '2024-10-09', 45, 0, '2024-09-26 07:58:40', '2024-09-26 07:58:40'),
(1246, '2024-10-09', 46, 0, '2024-09-26 07:58:40', '2024-09-26 07:58:40'),
(1247, '2024-10-09', 47, 0, '2024-09-26 07:58:40', '2024-09-26 07:58:40'),
(1248, '2024-10-09', 48, 0, '2024-09-26 07:58:40', '2024-09-26 07:58:40'),
(1249, '2024-10-09', 49, 0, '2024-09-26 07:58:40', '2024-09-26 07:58:40'),
(1250, '2024-10-09', 50, 0, '2024-09-26 07:58:40', '2024-09-26 07:58:40'),
(1251, '2024-10-10', 1, 0, '2024-09-26 07:58:40', '2024-09-26 07:58:40'),
(1252, '2024-10-10', 2, 0, '2024-09-26 07:58:40', '2024-09-26 07:58:40'),
(1253, '2024-10-10', 3, 0, '2024-09-26 07:58:40', '2024-09-26 07:58:40'),
(1254, '2024-10-10', 4, 0, '2024-09-26 07:58:40', '2024-10-01 15:48:06'),
(1255, '2024-10-10', 5, 0, '2024-09-26 07:58:40', '2024-09-26 07:58:40'),
(1256, '2024-10-10', 6, 0, '2024-09-26 07:58:40', '2024-09-26 07:58:40'),
(1257, '2024-10-10', 7, 0, '2024-09-26 07:58:40', '2024-09-26 07:58:40'),
(1258, '2024-10-10', 8, 0, '2024-09-26 07:58:40', '2024-09-26 07:58:40'),
(1259, '2024-10-10', 9, 0, '2024-09-26 07:58:40', '2024-09-26 07:58:40'),
(1260, '2024-10-10', 10, 0, '2024-09-26 07:58:40', '2024-09-26 07:58:40'),
(1261, '2024-10-10', 11, 0, '2024-09-26 07:58:40', '2024-09-26 07:58:40'),
(1262, '2024-10-10', 12, 0, '2024-09-26 07:58:40', '2024-09-26 07:58:40'),
(1263, '2024-10-10', 13, 0, '2024-09-26 07:58:40', '2024-09-26 07:58:40'),
(1264, '2024-10-10', 14, 0, '2024-09-26 07:58:40', '2024-09-26 07:58:40'),
(1265, '2024-10-10', 15, 0, '2024-09-26 07:58:40', '2024-09-26 07:58:40'),
(1266, '2024-10-10', 16, 0, '2024-09-26 07:58:40', '2024-09-26 07:58:40'),
(1267, '2024-10-10', 17, 0, '2024-09-26 07:58:40', '2024-09-26 07:58:40'),
(1268, '2024-10-10', 18, 0, '2024-09-26 07:58:40', '2024-09-26 07:58:40'),
(1269, '2024-10-10', 19, 0, '2024-09-26 07:58:40', '2024-09-26 07:58:40'),
(1270, '2024-10-10', 20, 0, '2024-09-26 07:58:40', '2024-09-26 07:58:40'),
(1271, '2024-10-10', 21, 0, '2024-09-26 07:58:40', '2024-09-26 07:58:40'),
(1272, '2024-10-10', 22, 0, '2024-09-26 07:58:40', '2024-09-26 07:58:40'),
(1273, '2024-10-10', 23, 0, '2024-09-26 07:58:40', '2024-09-26 07:58:40'),
(1274, '2024-10-10', 24, 0, '2024-09-26 07:58:40', '2024-09-26 07:58:40'),
(1275, '2024-10-10', 25, 0, '2024-09-26 07:58:40', '2024-09-26 07:58:40'),
(1276, '2024-10-10', 26, 0, '2024-09-26 07:58:40', '2024-09-26 07:58:40'),
(1277, '2024-10-10', 27, 0, '2024-09-26 07:58:40', '2024-09-26 07:58:40'),
(1278, '2024-10-10', 28, 0, '2024-09-26 07:58:40', '2024-09-26 07:58:40'),
(1279, '2024-10-10', 29, 0, '2024-09-26 07:58:40', '2024-09-26 07:58:40'),
(1280, '2024-10-10', 30, 0, '2024-09-26 07:58:40', '2024-09-26 07:58:40'),
(1281, '2024-10-10', 31, 0, '2024-09-26 07:58:40', '2024-09-26 07:58:40'),
(1282, '2024-10-10', 32, 0, '2024-09-26 07:58:40', '2024-09-26 07:58:40'),
(1283, '2024-10-10', 33, 0, '2024-09-26 07:58:40', '2024-09-26 07:58:40'),
(1284, '2024-10-10', 34, 0, '2024-09-26 07:58:40', '2024-09-26 07:58:40'),
(1285, '2024-10-10', 35, 0, '2024-09-26 07:58:40', '2024-09-26 07:58:40'),
(1286, '2024-10-10', 36, 0, '2024-09-26 07:58:40', '2024-09-26 07:58:40'),
(1287, '2024-10-10', 37, 0, '2024-09-26 07:58:40', '2024-09-26 07:58:40'),
(1288, '2024-10-10', 38, 0, '2024-09-26 07:58:40', '2024-09-26 07:58:40'),
(1289, '2024-10-10', 39, 0, '2024-09-26 07:58:40', '2024-09-26 07:58:40'),
(1290, '2024-10-10', 40, 0, '2024-09-26 07:58:40', '2024-09-26 07:58:40'),
(1291, '2024-10-10', 41, 0, '2024-09-26 07:58:40', '2024-09-26 07:58:40'),
(1292, '2024-10-10', 42, 0, '2024-09-26 07:58:40', '2024-09-26 07:58:40'),
(1293, '2024-10-10', 43, 0, '2024-09-26 07:58:40', '2024-09-26 07:58:40'),
(1294, '2024-10-10', 44, 0, '2024-09-26 07:58:40', '2024-09-26 07:58:40'),
(1295, '2024-10-10', 45, 0, '2024-09-26 07:58:40', '2024-09-26 07:58:40'),
(1296, '2024-10-10', 46, 0, '2024-09-26 07:58:40', '2024-09-26 07:58:40'),
(1297, '2024-10-10', 47, 0, '2024-09-26 07:58:40', '2024-09-26 07:58:40'),
(1298, '2024-10-10', 48, 0, '2024-09-26 07:58:40', '2024-09-26 07:58:40'),
(1299, '2024-10-10', 49, 0, '2024-09-26 07:58:40', '2024-09-26 07:58:40'),
(1300, '2024-10-10', 50, 0, '2024-09-26 07:58:40', '2024-09-26 07:58:40');

-- --------------------------------------------------------

--
-- Table structure for table `migrations`
--

CREATE TABLE `migrations` (
  `id` int(10) UNSIGNED NOT NULL,
  `migration` varchar(255) NOT NULL,
  `batch` int(11) NOT NULL
) ENGINE=InnoDB DEFAULT CHARSET=utf8mb4 COLLATE=utf8mb4_unicode_ci;

--
-- Dumping data for table `migrations`
--

INSERT INTO `migrations` (`id`, `migration`, `batch`) VALUES
(1, '2024_09_24_154915_create_date_seats_table', 1),
(2, '2024_09_26_091044_create_users_table', 1),
(3, '2024_09_26_092240_create_sessions_table', 2),
(4, '2024_09_27_024106_create_booking_details_table', 3),
(5, '2024_10_01_062737_create_admin_table', 4),
(6, '2024_10_01_063322_create_attendance_table', 5);

-- --------------------------------------------------------

--
-- Table structure for table `sessions`
--

CREATE TABLE `sessions` (
  `id` varchar(255) NOT NULL,
  `user_id` bigint(20) UNSIGNED DEFAULT NULL,
  `ip_address` varchar(45) DEFAULT NULL,
  `user_agent` text DEFAULT NULL,
  `payload` longtext NOT NULL,
  `last_activity` int(11) NOT NULL
) ENGINE=InnoDB DEFAULT CHARSET=utf8mb4 COLLATE=utf8mb4_unicode_ci;

--
-- Dumping data for table `sessions`
--

INSERT INTO `sessions` (`id`, `user_id`, `ip_address`, `user_agent`, `payload`, `last_activity`) VALUES
('6sA59kHozN2uVbQA1mwztKgfaWBnCbAh1Hq4xxQc', NULL, '127.0.0.1', 'Mozilla/5.0 (Windows NT 10.0; Win64; x64) AppleWebKit/537.36 (KHTML, like Gecko) Chrome/129.0.0.0 Safari/537.36 Edg/129.0.0.0', 'YTozOntzOjY6Il90b2tlbiI7czo0MDoiYWZ6SlA2TkVDWTFBQUhXc1ZId1Q1aXRqN0JJSzVYQnh0MDk2ME53SiI7czo2OiJfZmxhc2giO2E6Mjp7czozOiJvbGQiO2E6MDp7fXM6MzoibmV3IjthOjA6e319czo5OiJfcHJldmlvdXMiO2E6MTp7czozOiJ1cmwiO3M6MzI6Imh0dHA6Ly8xMjcuMC4wLjE6ODAwMC9sb2dpblJvdXRlIjt9fQ==', 1727822329);

-- --------------------------------------------------------

--
-- Table structure for table `users`
--

CREATE TABLE `users` (
  `id` int(10) UNSIGNED NOT NULL,
  `emp_id` varchar(50) NOT NULL,
  `name` varchar(100) NOT NULL,
  `nic` varchar(20) NOT NULL,
  `contactno` varchar(15) NOT NULL,
  `email` varchar(100) NOT NULL,
  `password` varchar(255) NOT NULL,
  `created_at` timestamp NULL DEFAULT NULL,
  `updated_at` timestamp NULL DEFAULT NULL
) ENGINE=InnoDB DEFAULT CHARSET=utf8mb4 COLLATE=utf8mb4_unicode_ci;

--
-- Dumping data for table `users`
--

INSERT INTO `users` (`id`, `emp_id`, `name`, `nic`, `contactno`, `email`, `password`, `created_at`, `updated_at`) VALUES
(1, 'slt/2024/001', 'Udari Sandalika', '200062401684', '0701094099', 'udarihatharasinghe@gmail.com', '$2y$12$pnBI7E.X528RXN1PlQdkMumB.nDvvBXYHxwZ2.KwlZlKW6FvG8A7C', NULL, '2024-10-01 00:11:16'),
(2, 'slt/2024/002', 'Yashini Nimendya', '200165802226', '0712345678', 'nimendyayashini@gmail.com', '$2y$12$MMhKF0ngbJ1sMd.CyLq/LusoaDvv7xfXQWhqqdXvUBOFmm99JD82a', NULL, NULL),
(3, 'slt/2024/003', 'Dilini', '996720357V', '0712345678', 'dilini@gmail.com', '$2y$12$sWQfAtPCTeVcqIjPsbiQ2O.Xb9zLWIech2BjIs7h0cSC0zgxbdDPu', NULL, NULL),
(4, 'slt/2024/004', 'Sashini', '200056101488', '0712345678', 'sashini@gmail.com', '$2y$12$OsMtN4PAYMW9RRk3eHHdFut/JfwXaYkQepqgQqRmpNHDKQPA1YP.K', NULL, NULL);

--
-- Indexes for dumped tables
--

--
-- Indexes for table `admin`
--
ALTER TABLE `admin`
  ADD PRIMARY KEY (`id`),
  ADD UNIQUE KEY `admin_username_unique` (`username`);

--
-- Indexes for table `attendance`
--
ALTER TABLE `attendance`
  ADD PRIMARY KEY (`id`);

--
-- Indexes for table `booking_details`
--
ALTER TABLE `booking_details`
  ADD PRIMARY KEY (`id`);

--
-- Indexes for table `date_seats`
--
ALTER TABLE `date_seats`
  ADD PRIMARY KEY (`id`);

--
-- Indexes for table `migrations`
--
ALTER TABLE `migrations`
  ADD PRIMARY KEY (`id`);

--
-- Indexes for table `sessions`
--
ALTER TABLE `sessions`
  ADD PRIMARY KEY (`id`),
  ADD KEY `sessions_user_id_index` (`user_id`),
  ADD KEY `sessions_last_activity_index` (`last_activity`);

--
-- Indexes for table `users`
--
ALTER TABLE `users`
  ADD PRIMARY KEY (`id`),
  ADD UNIQUE KEY `users_emp_id_unique` (`emp_id`);

--
-- AUTO_INCREMENT for dumped tables
--

--
-- AUTO_INCREMENT for table `admin`
--
ALTER TABLE `admin`
  MODIFY `id` bigint(20) UNSIGNED NOT NULL AUTO_INCREMENT, AUTO_INCREMENT=2;

--
-- AUTO_INCREMENT for table `attendance`
--
ALTER TABLE `attendance`
  MODIFY `id` bigint(20) UNSIGNED NOT NULL AUTO_INCREMENT, AUTO_INCREMENT=9;

--
-- AUTO_INCREMENT for table `booking_details`
--
ALTER TABLE `booking_details`
  MODIFY `id` bigint(20) UNSIGNED NOT NULL AUTO_INCREMENT, AUTO_INCREMENT=23;

--
-- AUTO_INCREMENT for table `date_seats`
--
ALTER TABLE `date_seats`
  MODIFY `id` bigint(20) UNSIGNED NOT NULL AUTO_INCREMENT, AUTO_INCREMENT=1301;

--
-- AUTO_INCREMENT for table `migrations`
--
ALTER TABLE `migrations`
  MODIFY `id` int(10) UNSIGNED NOT NULL AUTO_INCREMENT, AUTO_INCREMENT=7;

--
-- AUTO_INCREMENT for table `users`
--
ALTER TABLE `users`
  MODIFY `id` int(10) UNSIGNED NOT NULL AUTO_INCREMENT, AUTO_INCREMENT=5;
COMMIT;

/*!40101 SET CHARACTER_SET_CLIENT=@OLD_CHARACTER_SET_CLIENT */;
/*!40101 SET CHARACTER_SET_RESULTS=@OLD_CHARACTER_SET_RESULTS */;
/*!40101 SET COLLATION_CONNECTION=@OLD_COLLATION_CONNECTION */;
